Temperature_K,Pressure_bar,Particle_Size_um,Material,Material_Label,Diffusivity_theoretical,Diffusivity_with_noise
699.07,1.692,93.43,LaNi5H6,2,2.0689938857975028e-10,2.0871850999078798e-10
410.25,21.86,148.56,LaNi5H6,2,7.818769376754263e-12,7.707952344879287e-12
579.88,44.434,59.29,MgH2,0,3.3770909307717234e-13,3.3653894242378814e-13
380.22,46.529,112.49,TiFeH2,1,9.520417832867677e-14,9.331608212613277e-14
355.92,39.42,82.02,MgH2,0,1.0240817263215458e-16,1.0367081187267675e-16
536.87,32.806,14.74,LaNi5H6,2,5.536871938820371e-11,5.341233805381989e-11
514.17,48.029,43.51,MgH2,0,6.565707739648168e-14,6.295265643612397e-14
579.45,16.914,147.5,LaNi5H6,2,8.498079423223019e-11,8.230282860033617e-11
385.23,26.572,30.38,TiFeH2,1,1.0728047968611013e-13,1.0764697724966724e-13
556.66,15.516,89.74,LaNi5H6,2,6.68484605712078e-11,6.657325875819725e-11
413.95,11.616,170.9,LaNi5H6,2,8.176808402782581e-12,8.427397456797633e-12
632.9,14.267,27.87,MgH2,0,9.243884768065007e-13,9.876619310082061e-13
355.9,31.199,192.69,MgH2,0,1.0015974662316888e-16,1e-16
375.51,11.35,63.45,LaNi5H6,2,3.5635598055863494e-12,3.5240362841147103e-12
631.77,37.232,27.43,MgH2,0,9.62368694630997e-13,9.456046726561191e-13
416.37,17.584,58.11,MgH2,0,2.0407089794648906e-15,2.065930402672803e-15
646.04,17.068,181.47,TiFeH2,1,8.592599923530503e-12,8.268474386779297e-12
503.93,26.551,198.29,TiFeH2,1,1.3980251258193507e-12,1.4035528511944884e-12
621.6,5.064,171.43,LaNi5H6,2,1.1928496819684862e-10,1.1517714145804527e-10
375.53,19.514,141.45,TiFeH2,1,7.930393055025887e-14,7.765271964363656e-14
521.2,13.459,152.78,MgH2,0,7.314740879659262e-14,7.614027231424913e-14
394.82,24.636,156.85,TiFeH2,1,1.3868065183874474e-13,1.4182119401764062e-13
502.2,21.591,162.11,TiFeH2,1,1.346194137670702e-12,1.361485798811973e-12
613.05,25.9,89.17,MgH2,0,6.535749927286985e-13,6.92740752155725e-13
661.04,6.677,66.01,MgH2,0,1.4466227291213504e-12,1.4628127080112994e-12
501.81,25.349,103.07,MgH2,0,4.3980205934694724e-14,4.445597282194528e-14
554.67,10.217,172.19,TiFeH2,1,2.860983791297806e-12,2.6854857587558466e-12
555.39,18.245,113.59,TiFeH2,1,2.9843880193298914e-12,2.984287768782427e-12
496.86,3.38,92.9,MgH2,0,3.309136716229806e-14,3.285894113880908e-14
354.03,44.842,96.78,TiFeH2,1,4.191738791905139e-14,4.398306878122707e-14
554.83,11.601,95.26,MgH2,0,1.7300726220656924e-13,1.6586597091666613e-13
673.36,43.512,71.11,LaNi5H6,2,1.9949330875945758e-10,1.9630190148966036e-10
562.35,36.696,165.74,TiFeH2,1,3.3880220101051545e-12,3.4989712899547884e-12
544.16,19.46,66.76,TiFeH2,1,2.5655880961481595e-12,2.500525772476853e-12
346.84,3.321,166.39,MgH2,0,4.9878468604214457e-17,1e-16
544.13,6.815,88.13,TiFeH2,1,2.4254783654243005e-12,2.3962813101941043e-12
644.73,26.242,146.49,TiFeH2,1,8.678261956465009e-12,8.87870272660697e-12
385.83,20.798,151.28,MgH2,0,4.972066158415247e-16,5.020843599477503e-16
492.36,22.216,31.25,MgH2,0,3.293368143998216e-14,3.213390050328901e-14
389.58,45.58,84.94,TiFeH2,1,1.242052704385823e-13,1.2239660743899801e-13
635.33,35.931,126.95,LaNi5H6,2,1.464482239713531e-10,1.4435201870974838e-10
408.9,42.032,31.03,MgH2,0,1.5571435346065371e-15,1.6248486712063583e-15
472.93,28.443,114.68,LaNi5H6,2,2.3495437721968207e-11,2.346589128177967e-11
509.05,12.184,22.83,MgH2,0,5.205365498750035e-14,4.903267312311457e-14
558.96,17.512,86.79,LaNi5H6,2,6.890433213013524e-11,6.762895531080908e-11
620.35,43.275,168.1,MgH2,0,7.751398663472606e-13,7.261388025129474e-13
486.39,34.48,111.43,MgH2,0,2.798274374176118e-14,2.7718160416177455e-14
657.25,3.531,136.09,MgH2,0,1.2900833433247736e-12,1.3042238336615119e-12
424.95,10.459,87.51,MgH2,0,2.825686167945063e-15,2.7511296221767807e-15
512.31,12.492,135.95,MgH2,0,5.6841206945751226e-14,5.795259147521119e-14
481.96,4.388,170.44,TiFeH2,1,8.699572985249196e-13,8.973095279284632e-13
437.61,47.274,134.63,LaNi5H6,2,1.3505050858049328e-11,1.3573936468382715e-11
568.49,2.533,112.4,MgH2,0,2.144333337704848e-13,2.1642364974536195e-13
314.97,32.242,33.88,MgH2,0,6.652501807436209e-18,1e-16
489.39,25.998,22.85,LaNi5H6,2,2.982093783199906e-11,2.919626132407387e-11
577.92,6.468,28.09,MgH2,0,2.8557079551682645e-13,2.8833624137518417e-13
625.0,8.715,152.71,LaNi5H6,2,1.2601107249407515e-10,1.3011503664942755e-10
417.04,49.817,120.58,LaNi5H6,2,9.262349676288061e-12,9.065350885515498e-12
322.92,34.606,195.42,LaNi5H6,2,8.647745499553022e-13,8.671430058777048e-13
475.16,8.974,79.9,MgH2,0,1.7874827445911846e-14,1.8325231594951933e-14
355.91,24.337,46.59,MgH2,0,9.949813000895745e-17,1e-16
568.9,12.41,178.72,MgH2,0,2.410961191467539e-13,2.497062418554473e-13
577.7,28.102,135.39,MgH2,0,3.1126476425037976e-13,3.1103787666744005e-13
588.94,24.233,84.88,MgH2,0,3.9567256848953644e-13,4.071545816838527e-13
426.86,18.964,115.34,MgH2,0,3.173599340736504e-15,3.2570532868577017e-15
353.59,7.74,77.77,LaNi5H6,2,2.0079512469590054e-12,1.947227917579529e-12
302.94,44.323,47.91,MgH2,0,2.6497112088383856e-18,1e-16
487.29,31.985,48.46,TiFeH2,1,1.067222145993389e-12,1.1153914326596171e-12
624.7,40.162,190.5,TiFeH2,1,7.177076519314694e-12,7.267855806817506e-12
571.19,45.104,177.9,TiFeH2,1,3.841039940257987e-12,3.952871585451107e-12
464.02,30.082,153.9,TiFeH2,1,6.869527682840083e-13,7.230723509667574e-13
309.12,11.244,49.29,MgH2,0,3.96804703795305e-18,1e-16
379.58,8.917,176.25,LaNi5H6,2,3.86811138576373e-12,3.952280413774507e-12
582.07,5.494,50.31,MgH2,0,3.0910041324042677e-13,2.9801583465264087e-13
522.81,32.097,125.66,MgH2,0,8.098544219286103e-14,8.507582140233821e-14
693.19,5.914,142.48,TiFeH2,1,1.2677730996931324e-11,1.2584804931908696e-11
608.8,45.95,39.05,MgH2,0,6.241466374938988e-13,6.412968820442963e-13
483.57,49.021,149.36,MgH2,0,2.6085357889777324e-14,2.6050583889642776e-14
566.78,9.089,49.4,LaNi5H6,2,7.281100157082075e-11,7.82045406660099e-11
605.36,7.301,142.09,LaNi5H6,2,1.0498944693697971e-10,1.0311106499035761e-10
606.3,5.28,109.18,LaNi5H6,2,1.0443203009435436e-10,1.0562900153777568e-10
671.03,7.07,17.65,MgH2,0,1.7227757179900658e-12,1.7063694549632192e-12
578.45,45.509,143.7,LaNi5H6,2,8.778286861297724e-11,8.682793773038231e-11
531.69,14.75,197.07,MgH2,0,9.733934051323073e-14,1.0207023777752181e-13
655.22,38.739,132.31,TiFeH2,1,9.829127411800263e-12,9.588050841887085e-12
524.78,22.553,42.66,LaNi5H6,2,4.7111764633323976e-11,4.752182542386663e-11
499.35,13.484,124.9,LaNi5H6,2,3.3141222465378536e-11,3.360614227524021e-11
365.84,42.749,71.09,MgH2,0,1.8181623017405223e-16,1.9660195615565253e-16
538.5,14.866,134.51,LaNi5H6,2,5.433034986675534e-11,5.4927446337494766e-11
547.89,16.421,181.41,TiFeH2,1,2.6685966949081293e-12,2.6777072492266026e-12
542.55,2.938,53.07,TiFeH2,1,2.266976979091392e-12,2.3741172570214467e-12
640.4,46.575,149.46,TiFeH2,1,8.541700824015388e-12,8.290085419807383e-12
319.7,21.599,155.29,MgH2,0,9.144340478500565e-18,1e-16
674.46,46.021,32.59,MgH2,0,2.05736781036201e-12,2.0427609829257024e-12
361.68,36.424,51.5,LaNi5H6,2,2.661054376933497e-12,2.5767326161081226e-12
662.44,43.584,120.58,TiFeH2,1,1.0608084864194525e-11,1.0474056066769453e-11
512.52,38.473,12.36,TiFeH2,1,1.6500789939027332e-12,1.5846271602188183e-12
462.6,48.132,108.57,LaNi5H6,2,2.049671660370464e-11,1.9622494328105728e-11
669.94,12.52,64.97,MgH2,0,1.753869438829654e-12,1.8748648097939787e-12
466.32,30.441,113.05,MgH2,0,1.4350653282469393e-14,1.434065071460303e-14
432.08,41.093,73.53,TiFeH2,1,3.5790362184675377e-13,3.5064268757930346e-13
494.66,49.468,60.26,MgH2,0,3.70844086806816e-14,3.6805048950815474e-14
317.02,4.388,119.31,TiFeH2,1,9.263177530727396e-15,8.783709645756161e-15
462.55,11.664,124.34,MgH2,0,1.1830479989269602e-14,1.1854609421840663e-14
491.69,2.214,140.48,LaNi5H6,2,2.74377730315052e-11,2.6481374394539862e-11
370.67,15.115,155.31,TiFeH2,1,6.75202110525105e-14,6.527421272600646e-14
517.34,33.363,172.19,LaNi5H6,2,4.351935431926126e-11,4.280021842154648e-11
638.75,40.168,38.99,LaNi5H6,2,1.5177574855739927e-10,1.5526056164714635e-10
588.99,12.477,99.6,LaNi5H6,2,9.225497193515397e-11,8.922330651345687e-11
431.58,37.814,100.06,LaNi5H6,2,1.2025574928569176e-11,1.2028004527902617e-11
408.21,28.891,150.18,MgH2,0,1.4650473429409485e-15,1.4228791305264194e-15
324.75,17.233,145.28,LaNi5H6,2,8.913794992016325e-13,8.730454186767091e-13
412.49,15.311,157.7,MgH2,0,1.6991329275284713e-15,1.6603667587654272e-15
502.39,46.848,95.27,LaNi5H6,2,3.6456468335659584e-11,3.56897441576081e-11
328.74,13.412,90.27,TiFeH2,1,1.580540607702802e-14,1.54562932093134e-14
696.35,30.589,170.77,LaNi5H6,2,2.3113484547827767e-10,2.3803391272731726e-10
542.41,31.473,13.76,MgH2,0,1.3631666613246812e-13,1.362807002499578e-13
590.8,29.736,103.22,MgH2,0,4.166273641581907e-13,4.163492929543999e-13
669.98,2.164,16.26,TiFeH2,1,9.761510738572582e-12,9.49637877119487e-12
349.1,16.069,160.79,MgH2,0,6.395238897248208e-17,1e-16
386.37,38.923,81.68,TiFeH2,1,1.1268517518942653e-13,1.0510317248560083e-13
304.99,32.276,190.7,LaNi5H6,2,4.670090068519486e-13,4.84325679569124e-13
644.31,38.657,44.53,LaNi5H6,2,1.5855409578048655e-10,1.6240276253302126e-10
570.56,49.358,182.86,LaNi5H6,2,8.117419976479849e-11,8.153638648468268e-11
528.47,2.57,110.25,TiFeH2,1,1.8255594886143523e-12,1.7599714286793604e-12
388.02,12.808,61.9,LaNi5H6,2,4.784026533822452e-12,4.785173165796528e-12
513.09,4.211,140.37,MgH2,0,5.3894711063020225e-14,5.38580325722484e-14
341.36,38.833,121.0,MgH2,0,4.177043823010184e-17,1e-16
325.98,1.238,84.73,TiFeH2,1,1.2429293469071566e-14,1.2481165288226264e-14
386.77,37.677,108.99,TiFeH2,1,1.136449611652056e-13,1.1354014471650608e-13
572.29,30.165,172.26,MgH2,0,2.7607748232827197e-13,2.6574679432735487e-13
689.34,17.898,151.49,LaNi5H6,2,2.1513541775382365e-10,2.0466197592839927e-10
406.59,22.481,199.74,MgH2,0,1.3361976128520411e-15,1.3356598285781373e-15
538.42,19.262,182.35,MgH2,0,1.1813041524727713e-13,1.1748365178143198e-13
600.53,47.513,140.31,LaNi5H6,2,1.0894803666459813e-10,1.1105339756420237e-10
506.27,35.558,116.47,TiFeH2,1,1.4792133289660398e-12,1.4804703679328272e-12
556.62,31.721,161.76,TiFeH2,1,3.1149100174862117e-12,3.0731322906376293e-12
599.74,34.322,30.09,TiFeH2,1,5.414481118696823e-12,5.164212783528421e-12
675.4,27.005,19.57,TiFeH2,1,1.1750670016412479e-11,1.1562496218121393e-11
363.04,42.968,16.36,LaNi5H6,2,2.778041251442035e-12,2.661558213934547e-12
667.56,20.4,10.58,LaNi5H6,2,1.852710529661328e-10,1.858134891521452e-10
487.33,17.612,25.66,TiFeH2,1,1.0371882609903822e-12,1.100396593118848e-12
304.92,2.462,175.84,MgH2,0,2.537148592942222e-18,1e-16
312.86,15.547,146.16,TiFeH2,1,8.295846144818287e-15,8.144007555040149e-15
687.78,17.018,161.91,TiFeH2,1,1.2768946048529634e-11,1.245752140474504e-11
654.28,16.414,158.48,TiFeH2,1,9.317511949799619e-12,9.350210891651857e-12
420.11,4.282,163.42,TiFeH2,1,2.4019203462214103e-13,2.379165310463855e-13
421.28,31.818,126.71,TiFeH2,1,2.7471932911356477e-13,2.724908343014173e-13
549.42,46.916,136.81,TiFeH2,1,2.8784750427413625e-12,2.8136467804119325e-12
395.34,13.91,82.84,TiFeH2,1,1.3696200039692348e-13,1.3272493545371555e-13
606.15,22.095,85.42,LaNi5H6,2,1.1126371319081193e-10,1.1680096495091658e-10
446.56,39.592,196.36,MgH2,0,7.151912296113066e-15,7.068089537617711e-15
610.66,41.511,115.46,TiFeH2,1,6.175213827069591e-12,6.334357619966054e-12
502.53,22.564,97.61,MgH2,0,4.461083449790516e-14,4.246245980000286e-14
313.15,5.158,57.5,LaNi5H6,2,5.763795353324539e-13,5.837153736624163e-13
669.34,2.091,136.23,TiFeH2,1,9.637194397861251e-12,1.0398939663009201e-11
553.17,23.301,134.01,MgH2,0,1.7350679334577417e-13,1.7026634497723452e-13
358.47,14.466,191.06,MgH2,0,1.1078271990543213e-16,1.1138531437179856e-16
365.75,2.765,100.07,LaNi5H6,2,2.6256034048738822e-12,2.544209371438303e-12
454.04,39.807,31.98,MgH2,0,9.512268240091482e-15,9.543511863314188e-15
525.19,23.718,34.65,LaNi5H6,2,4.746670494686115e-11,4.855029224959014e-11
501.2,5.417,100.14,LaNi5H6,2,3.262900505143047e-11,3.295510833228822e-11
375.14,32.494,167.34,LaNi5H6,2,3.686517754868894e-12,3.719775439795644e-12
322.16,7.704,176.27,MgH2,0,1.0188527776332404e-17,1e-16
633.38,14.943,55.64,MgH2,0,9.339630517286654e-13,9.750718440792044e-13
493.4,10.299,181.99,LaNi5H6,2,3.013880204905318e-11,2.973873391595462e-11
444.73,22.139,62.84,MgH2,0,6.487972831958417e-15,6.68248284121092e-15
587.48,3.981,182.41,LaNi5H6,2,8.608037493396446e-11,8.59551695640412e-11
353.02,4.029,84.62,LaNi5H6,2,1.9182283382262975e-12,1.849639323032767e-12
687.0,38.833,115.17,MgH2,0,2.4793303244803027e-12,2.625150992122243e-12
591.91,13.903,94.6,TiFeH2,1,4.701584065273788e-12,4.691609806297244e-12
657.08,47.054,192.78,LaNi5H6,2,1.761904839996189e-10,1.7612689727733474e-10
679.54,47.812,178.12,MgH2,0,2.220781094063336e-12,2.2427630652460884e-12
611.79,33.019,173.51,MgH2,0,6.44004880104859e-13,6.275101269314342e-13
424.13,31.398,63.37,MgH2,0,2.938225418082078e-15,3.014207931837347e-15
348.04,44.091,124.75,TiFeH2,1,3.4096461079515905e-14,3.514106306065273e-14
656.67,42.663,111.06,MgH2,0,1.5107881546113528e-12,1.5306848280267945e-12
345.78,43.912,108.72,LaNi5H6,2,1.7450248098592803e-12,1.742810125983091e-12
364.51,29.05,40.95,MgH2,0,1.6502958656285362e-16,1.6108416983012278e-16
569.68,38.048,24.28,TiFeH2,1,3.758330807250498e-12,3.800015122349076e-12
307.38,29.108,84.76,TiFeH2,1,6.752469369335322e-15,6.8044279961729285e-15
419.97,9.647,185.68,LaNi5H6,2,9.108926837379107e-12,9.040644793578076e-12
348.73,36.888,147.97,MgH2,0,6.596956591428045e-17,1e-16
675.03,40.41,15.79,LaNi5H6,2,2.01683874387925e-10,1.9751838367565533e-10
691.83,37.374,51.58,MgH2,0,2.678095125368903e-12,2.7554621258831567e-12
419.8,22.113,117.83,LaNi5H6,2,9.43767315209844e-12,9.363385980901408e-12
693.67,7.407,139.77,TiFeH2,1,1.288777606815463e-11,1.2916928040985857e-11
521.21,11.299,137.12,LaNi5H6,2,4.3613688318678014e-11,4.0662992601342385e-11
576.16,21.643,71.27,TiFeH2,1,3.963261818696061e-12,4.031831205590892e-12
615.12,26.439,97.89,TiFeH2,1,6.352399295346644e-12,6.502226845752429e-12
620.76,20.077,60.36,LaNi5H6,2,1.2637874857049182e-10,1.245406945366248e-10
410.01,3.116,16.11,TiFeH2,1,1.8546249875715306e-13,1.8817109628302206e-13
448.32,33.619,10.76,MgH2,0,7.644055415235083e-15,7.624597350253985e-15
435.48,12.783,32.57,LaNi5H6,2,1.2329286862206038e-11,1.2459655199286312e-11
639.35,25.618,167.21,TiFeH2,1,8.198185352375229e-12,7.98777241933109e-12
378.57,49.108,198.74,MgH2,0,3.611765654805412e-16,3.423967301458423e-16
345.81,32.184,108.23,MgH2,0,5.4730990416666486e-17,1e-16
620.54,22.137,83.2,LaNi5H6,2,1.2658133873080412e-10,1.3173896175830923e-10
321.75,4.018,31.56,LaNi5H6,2,7.602035179557358e-13,7.740131896924075e-13
457.45,20.226,71.22,MgH2,0,1.0279612496381109e-14,1.0625266723379586e-14
623.13,28.472,189.91,LaNi5H6,2,1.3046790849158584e-10,1.308598715817535e-10
541.72,41.167,199.34,LaNi5H6,2,5.880925468791421e-11,6.084936178297885e-11
697.41,49.349,85.35,TiFeH2,1,1.4697805181062674e-11,1.4550479937677347e-11
365.27,41.073,66.06,LaNi5H6,2,2.9300159269624595e-12,2.8582004761882473e-12
402.38,29.129,116.35,LaNi5H6,2,6.747129693788307e-12,6.5418680029021405e-12
420.38,39.09,179.57,MgH2,0,2.528652498242e-15,2.395739045249231e-15
435.89,18.601,150.57,TiFeH2,1,3.734479526691942e-13,3.809365291521325e-13
381.12,15.086,53.02,TiFeH2,1,9.25543423730244e-14,9.234395299779322e-14
589.93,38.44,198.27,TiFeH2,1,4.812400524630169e-12,4.6480580004893476e-12
493.75,45.587,184.87,LaNi5H6,2,3.2299157555537335e-11,3.267565431470053e-11
398.59,8.471,81.37,LaNi5H6,2,5.908456989575972e-12,5.956024615730178e-12
328.5,1.536,197.81,TiFeH2,1,1.3836076038705464e-14,1.3558103143889988e-14
315.46,19.312,186.98,TiFeH2,1,9.356450493396e-15,9.449512097106448e-15
325.59,41.786,60.9,LaNi5H6,2,9.53291661301905e-13,9.494264371045387e-13
346.44,26.065,112.19,LaNi5H6,2,1.7386161406955335e-12,1.7396242298179192e-12
366.21,36.164,195.46,MgH2,0,1.8233036667041554e-16,1.8640817933978837e-16
338.08,43.937,91.43,TiFeH2,1,2.3895128042297653e-14,2.3476464371363725e-14
465.03,26.217,157.85,MgH2,0,1.3560862733320513e-14,1.446797535632458e-14
350.89,44.513,55.37,TiFeH2,1,3.773293669450334e-14,3.754003499024595e-14
384.71,20.244,151.88,TiFeH2,1,1.0375911264071057e-13,1.0201456250516636e-13
507.69,36.031,19.87,LaNi5H6,2,3.875622246224358e-11,3.848153816268597e-11
381.07,26.716,184.57,LaNi5H6,2,4.20150061374323e-12,4.228688362106493e-12
436.91,31.76,12.68,LaNi5H6,2,1.3163433843791316e-11,1.3100402320105132e-11
633.77,11.125,163.18,LaNi5H6,2,1.3721408187326239e-10,1.283540348661122e-10
637.43,45.544,121.33,MgH2,0,1.0759908415551316e-12,1.1336204287985033e-12
525.41,10.454,128.97,TiFeH2,1,1.880312930145215e-12,1.916012644901138e-12
369.92,18.887,153.28,TiFeH2,1,6.675976761587188e-14,6.999624594912363e-14
366.79,16.535,98.85,MgH2,0,1.8013450399392862e-16,1.7036564667772042e-16
467.65,41.307,146.76,MgH2,0,1.527195413714578e-14,1.6125190988738494e-14
595.01,45.02,118.53,TiFeH2,1,5.170821270838049e-12,5.21804672114698e-12
644.29,19.841,148.29,MgH2,0,1.154765020695447e-12,1.1149226657117555e-12
535.06,16.237,149.67,MgH2,0,1.073034018056753e-13,1.0044929650681654e-13
669.72,46.845,115.77,LaNi5H6,2,1.944867793708723e-10,2.0055041199549075e-10
464.9,20.02,136.27,TiFeH2,1,6.852046299107032e-13,6.895324098461488e-13
355.31,11.856,25.35,LaNi5H6,2,2.1469629835967157e-12,2.256056586250201e-12
612.12,23.268,26.34,MgH2,0,6.396537124330158e-13,6.054820401917983e-13
376.29,10.039,112.63,LaNi5H6,2,3.605197137935841e-12,3.815534675530138e-12
597.6,5.623,194.29,TiFeH2,1,4.77577884675509e-12,4.7755039911296046e-12
562.42,13.926,80.54,LaNi5H6,2,7.079871651729968e-11,7.16954247301145e-11
588.18,30.413,155.31,LaNi5H6,2,9.499619338511887e-11,9.673747919514627e-11
380.96,3.497,108.13,MgH2,0,3.4463653977210666e-16,3.3322229507484007e-16
451.33,22.613,112.11,TiFeH2,1,5.255627737130647e-13,5.193563376754966e-13
417.44,21.967,84.98,MgH2,0,2.1640780840327203e-15,2.2469826710134098e-15
555.49,5.633,185.41,LaNi5H6,2,6.288019979186632e-11,6.346977695889104e-11
613.09,9.129,180.26,MgH2,0,6.075513842461967e-13,6.187474098999573e-13
512.65,49.719,42.86,TiFeH2,1,1.6722988282430692e-12,1.6875234485224574e-12
428.34,11.597,165.39,TiFeH2,1,3.0718467547149515e-13,3.019621087685341e-13
653.25,36.512,172.63,LaNi5H6,2,1.692559447690957e-10,1.7117511740979987e-10
606.0,15.766,118.29,MgH2,0,5.484999217941598e-13,5.3901119195337e-13
496.28,28.243,170.83,MgH2,0,3.737610162382278e-14,3.4594525222774856e-14
497.63,2.597,107.33,TiFeH2,1,1.1150309491447068e-12,1.0925570184563069e-12
674.45,31.337,98.29,MgH2,0,2.0009114611075907e-12,1.9852503377262905e-12
335.08,7.772,41.92,MgH2,0,2.5097730725459494e-17,1e-16
333.09,41.979,29.08,MgH2,0,2.4536344668079146e-17,1e-16
427.67,12.959,135.16,LaNi5H6,2,1.0679309388652099e-11,1.0530521463612603e-11
308.18,35.606,191.68,LaNi5H6,2,5.257520942973496e-13,5.538436352964724e-13
414.58,48.918,135.4,MgH2,0,2.0054560571144292e-15,2.0256951761178666e-15
563.39,6.304,114.24,TiFeH2,1,3.1432082828193764e-12,3.137454575524931e-12
413.89,40.564,85.94,MgH2,0,1.9296163831015887e-15,1.9139327623437213e-15
456.18,11.786,67.62,LaNi5H6,2,1.7431060490261683e-11,1.7105154122383304e-11
614.76,18.704,192.23,TiFeH2,1,6.193851348826446e-12,5.8845880660737605e-12
525.98,12.882,28.26,MgH2,0,8.368928495312355e-14,8.189445970427505e-14
563.6,27.379,73.55,LaNi5H6,2,7.385077938274941e-11,7.321070164867255e-11
496.73,23.17,192.32,TiFeH2,1,1.2302749661999979e-12,1.302280874016612e-12
475.92,31.01,94.98,TiFeH2,1,8.652740424355328e-13,8.844735529150384e-13
593.66,7.556,59.35,TiFeH2,1,4.6558191721861264e-12,4.5626910304421925e-12
688.94,14.52,59.85,TiFeH2,1,1.2847760244676022e-11,1.2381232865025598e-11
487.06,48.519,185.97,TiFeH2,1,1.0789218767905906e-12,1.138185575916881e-12
409.99,45.438,129.1,LaNi5H6,2,8.028467495554362e-12,7.69355697928734e-12
646.97,25.723,74.33,TiFeH2,1,8.893641191258413e-12,8.382550713720579e-12
663.92,30.295,66.12,TiFeH2,1,1.0590541082767462e-11,1.0964869535373104e-11
488.99,18.962,169.81,TiFeH2,1,1.0659407838305863e-12,1.0901915666116938e-12
607.7,19.049,166.36,TiFeH2,1,5.731440677196129e-12,5.596592743613119e-12
314.92,16.565,167.36,LaNi5H6,2,6.433439490480794e-13,6.39490991254766e-13
340.67,27.502,96.73,MgH2,0,3.91598210089966e-17,1e-16
567.93,31.871,107.77,MgH2,0,2.516217041126406e-13,2.508487470982504e-13
597.9,46.462,126.05,MgH2,0,4.96986618520385e-13,5.258187030739978e-13
393.06,3.399,134.55,MgH2,0,6.271447147185451e-16,6.319594335736391e-16
556.9,17.897,121.37,TiFeH2,1,3.0425832360365475e-12,3.1309147872036136e-12
683.42,26.729,188.89,MgH2,0,2.278129743718182e-12,2.281784886262344e-12
368.87,27.698,159.69,LaNi5H6,2,3.1435845946494958e-12,3.0807742830727303e-12
313.44,9.379,62.1,LaNi5H6,2,5.982876001786572e-13,5.959121769194448e-13
578.95,6.419,122.83,MgH2,0,2.9038476190467396e-13,3.060807140999805e-13
489.03,43.1,146.33,LaNi5H6,2,3.0202973444238124e-11,3.052776979621327e-11
329.63,36.185,126.7,TiFeH2,1,1.717823142706482e-14,1.7110153470899824e-14
576.75,21.777,74.65,LaNi5H6,2,8.379631061444138e-11,7.702388620999304e-11
400.17,3.877,30.13,TiFeH2,1,1.457734821331542e-13,1.404816736092247e-13
331.73,11.421,193.7,LaNi5H6,2,1.0869503137554105e-12,1.114469908892291e-12
577.17,3.199,112.44,TiFeH2,1,3.6195613366069737e-12,3.6800025814789006e-12
535.31,7.98,26.03,LaNi5H6,2,5.1074809678770176e-11,5.184994918048445e-11
415.77,22.802,19.32,TiFeH2,1,2.3768249202387185e-13,2.4042607441704307e-13
317.76,12.648,78.27,LaNi5H6,2,7.012372219813727e-13,7.245286610298268e-13
591.93,38.428,153.66,TiFeH2,1,4.938476664423612e-12,4.869762634726709e-12
620.29,4.52,183.9,LaNi5H6,2,1.172590062679054e-10,1.1761395468017293e-10
663.43,37.099,99.0,MgH2,0,1.68278670043719e-12,1.6802847918555623e-12
485.57,43.733,133.23,TiFeH2,1,1.047527938192793e-12,1.056556291149901e-12
684.25,7.073,165.7,TiFeH2,1,1.1812930029597386e-11,1.2009377876338252e-11
651.59,47.996,146.42,LaNi5H6,2,1.691113825428162e-10,1.7447813954702035e-10
578.22,41.94,181.45,LaNi5H6,2,8.718494463937833e-11,9.509379119583218e-11
549.08,6.194,102.37,LaNi5H6,2,5.898180593723644e-11,5.923924921720006e-11
328.71,44.611,40.69,LaNi5H6,2,1.0552308831074448e-12,1.0410528090310536e-12
662.88,9.732,126.74,LaNi5H6,2,1.7243192299983893e-10,1.6984433269958588e-10
522.08,5.156,79.6,MgH2,0,7.04821032160489e-14,7.360599753447807e-14
390.31,30.999,41.05,LaNi5H6,2,5.234776780723738e-12,5.325131226325667e-12
619.38,2.785,105.19,TiFeH2,1,5.905513567226175e-12,5.926536753153636e-12
627.92,44.037,87.25,LaNi5H6,2,1.3892525841082814e-10,1.3646677591829306e-10
628.71,10.259,110.5,LaNi5H6,2,1.3120058495666147e-10,1.3442052319985636e-10
523.68,32.812,174.46,MgH2,0,8.280133940124318e-14,8.143622860821214e-14
421.58,47.089,161.64,MgH2,0,2.6931745084777547e-15,2.6024601688562815e-15
339.97,21.368,113.77,LaNi5H6,2,1.432679216442422e-12,1.3565521656416335e-12
532.45,33.051,123.94,MgH2,0,1.0503416685664152e-13,1.0618282414702512e-13
557.55,5.432,198.69,MgH2,0,1.7426488637125965e-13,1.7028132459940246e-13
618.09,25.235,50.23,TiFeH2,1,6.562313050222873e-12,6.541142947422777e-12
616.81,22.61,70.82,LaNi5H6,2,1.2265171892962345e-10,1.2559136024494755e-10
556.99,15.67,41.86,MgH2,0,1.865396580755238e-13,1.8911225982543716e-13
634.05,21.303,102.55,TiFeH2,1,7.706922634780034e-12,7.332580797045938e-12
545.89,41.704,134.03,TiFeH2,1,2.7241441899579455e-12,2.88867539894141e-12
300.99,33.502,22.4,LaNi5H6,2,4.0601910466691713e-13,4.243094761036736e-13
321.97,36.745,175.44,TiFeH2,1,1.2665155784612288e-14,1.2628724361701652e-14
493.16,8.75,121.87,LaNi5H6,2,2.987265031544631e-11,2.925011083689109e-11
584.56,10.708,35.97,TiFeH2,1,4.251236563692223e-12,4.251763659547898e-12
693.84,21.273,149.14,LaNi5H6,2,2.2375874278470584e-10,2.1903188451417492e-10
320.35,38.076,131.45,TiFeH2,1,1.1895598527172158e-14,1.2099813509895114e-14
577.42,10.113,153.16,TiFeH2,1,3.858921495098883e-12,4.0053860823503745e-12
391.32,17.792,13.46,LaNi5H6,2,5.229857501183241e-12,5.089209088458564e-12
532.1,21.469,13.0,TiFeH2,1,2.1682136326651558e-12,2.0902153696630453e-12
584.68,21.991,61.69,TiFeH2,1,4.413859096969456e-12,4.20582097507125e-12
536.46,35.343,187.83,MgH2,0,1.16674255933487e-13,1.0632891711888294e-13
522.73,12.083,102.02,LaNi5H6,2,4.4624876771478445e-11,4.5146057924613634e-11
613.91,35.95,87.55,MgH2,0,6.786514686764733e-13,6.720552863648893e-13
473.01,34.689,187.07,TiFeH2,1,8.208906257471775e-13,8.093193863937162e-13
643.44,39.283,179.1,MgH2,0,1.1852602283248321e-12,1.2726408395387766e-12
604.46,14.912,141.69,MgH2,0,5.288524936307793e-13,5.106197116426747e-13
466.76,34.055,90.33,MgH2,0,1.4687580450299635e-14,1.461584674949155e-14
623.97,44.18,75.41,LaNi5H6,2,1.3435367442831967e-10,1.3660032269549942e-10
460.82,24.51,112.13,TiFeH2,1,6.394834372843785e-13,6.295785244272987e-13
318.39,49.315,150.75,TiFeH2,1,1.1099190735108547e-14,1.115596582146443e-14
595.59,36.954,43.67,MgH2,0,4.691710138716497e-13,4.899122864003357e-13
300.26,35.539,199.49,LaNi5H6,2,3.9396020476555723e-13,4.0791262762649153e-13
317.52,42.621,53.94,MgH2,0,8.180409703827544e-18,1e-16
428.93,4.742,122.2,LaNi5H6,2,1.0445923004481453e-11,9.64344503752284e-12
347.89,8.372,133.93,MgH2,0,5.693106446793255e-17,1e-16
428.83,27.185,166.1,LaNi5H6,2,1.125760175415527e-11,1.0968849409075362e-11
547.46,3.315,51.16,TiFeH2,1,2.4473832709776266e-12,2.4978717465826337e-12
480.23,5.607,178.67,TiFeH2,1,8.54165216442486e-13,8.805090443285959e-13
638.67,24.269,29.23,TiFeH2,1,8.163221939092667e-12,8.32867574579401e-12
465.57,36.666,43.25,TiFeH2,1,7.181956757356819e-13,7.081463262044933e-13
611.71,42.369,106.85,TiFeH2,1,6.2570356889907165e-12,6.1561984667593286e-12
547.89,28.626,90.35,LaNi5H6,2,6.230546240732323e-11,6.290075010387378e-11
483.42,36.534,64.93,MgH2,0,2.5626252898364502e-14,2.499848009193953e-14
626.63,42.814,182.96,MgH2,0,8.729317068491023e-13,8.672429988171193e-13
320.78,44.953,132.52,MgH2,0,1.0373364765466233e-17,1e-16
377.86,40.273,13.45,MgH2,0,3.4750877810221397e-16,3.460389421431707e-16
338.04,11.144,97.63,MgH2,0,3.113829719530486e-17,1e-16
642.56,13.909,95.71,TiFeH2,1,8.235964165363471e-12,8.433804985141249e-12
415.33,30.966,139.69,MgH2,0,2.013595173557066e-15,1.984051052678073e-15
418.75,32.993,61.42,MgH2,0,2.3517892150456155e-15,2.3598735683417603e-15
479.74,16.408,104.15,MgH2,0,2.158752582614118e-14,2.2582904398576356e-14
681.19,37.901,21.65,TiFeH2,1,1.2598787497009018e-11,1.2527259507535359e-11
612.29,9.993,99.26,MgH2,0,6.045234827488246e-13,6.285524874024532e-13
439.31,17.611,183.55,TiFeH2,1,4.0092319874659216e-13,3.878602359021372e-13
621.65,49.244,190.51,MgH2,0,8.000613932161626e-13,8.043159925022978e-13
533.64,42.971,28.43,MgH2,0,1.1078185115185844e-13,1.1098281535042011e-13
446.68,9.197,106.77,LaNi5H6,2,1.471555379235722e-11,1.469208697756912e-11
579.99,48.748,180.36,LaNi5H6,2,8.931523528697134e-11,8.836912882938491e-11
582.05,25.357,169.65,LaNi5H6,2,8.87017052599187e-11,8.401849771858081e-11
641.36,6.842,196.05,MgH2,0,1.017171964489979e-12,1.0179832204058782e-12
425.88,3.862,131.36,LaNi5H6,2,9.778472729576697e-12,9.890443244053091e-12
680.77,3.758,52.81,TiFeH2,1,1.1108429509486037e-11,1.1159777111434273e-11
681.26,46.043,115.73,TiFeH2,1,1.2679877708592079e-11,1.2499374729509038e-11
367.65,13.995,138.88,TiFeH2,1,6.13153378413563e-14,6.280262919418779e-14
456.82,7.541,111.28,LaNi5H6,2,1.723923834482538e-11,1.7630802665210104e-11
302.69,34.12,63.8,LaNi5H6,2,4.3207471491524727e-13,4.423343151783355e-13
356.41,5.796,14.76,TiFeH2,1,4.0978269540333447e-14,4.0164140139094266e-14
328.52,14.247,85.25,TiFeH2,1,1.572373304587733e-14,1.5470377955366872e-14
378.2,26.992,130.01,TiFeH2,1,8.727660843366545e-14,8.250777001528507e-14
525.01,24.32,195.48,LaNi5H6,2,4.7185336482933565e-11,4.685100907198891e-11
561.03,3.013,114.92,MgH2,0,1.8242145573819639e-13,1.8339964133987855e-13
436.06,11.348,84.19,LaNi5H6,2,1.2371270433708285e-11,1.2214310834836764e-11
451.79,28.546,36.22,MgH2,0,8.58284567321631e-15,8.698708513018328e-15
409.7,31.469,52.12,LaNi5H6,2,7.87690114082582e-12,8.021767799885425e-12
329.48,32.939,14.98,LaNi5H6,2,1.067981702237367e-12,1.1103029336319792e-12
599.88,49.55,141.19,TiFeH2,1,5.497604922669223e-12,5.193552061947369e-12
495.59,10.954,95.23,LaNi5H6,2,3.1226478951968796e-11,3.171277171715687e-11
539.77,25.318,12.31,TiFeH2,1,2.446707880324007e-12,2.4142871565196815e-12
340.71,40.288,174.38,LaNi5H6,2,1.501441302000029e-12,1.4675674924742061e-12
567.36,29.048,150.93,MgH2,0,2.4627989640999275e-13,2.396237118496022e-13
440.88,11.239,159.09,TiFeH2,1,4.0573738488851483e-13,4.022066690316259e-13
478.46,32.969,56.28,MgH2,0,2.171331744871322e-14,2.2217822929734496e-14
581.65,39.743,15.52,LaNi5H6,2,9.04719295729967e-11,8.625220096585344e-11
511.46,21.392,53.38,TiFeH2,1,1.5729306108020466e-12,1.5130449137101273e-12
368.52,16.802,177.02,MgH2,0,1.974326311564109e-16,1.986781820436634e-16
457.08,10.813,88.98,LaNi5H6,2,1.7608740605067226e-11,1.7039413205982103e-11
317.39,4.291,56.4,MgH2,0,6.955817018825547e-18,1e-16
458.09,23.371,181.05,TiFeH2,1,6.025515578260421e-13,5.929073671861171e-13
306.6,29.719,188.55,LaNi5H6,2,4.93185792231165e-13,5.048311581550359e-13
539.84,23.578,157.18,MgH2,0,1.2430246744670108e-13,1.235999690912984e-13
448.62,40.705,23.04,TiFeH2,1,5.133495176137522e-13,5.050023943411573e-13
463.33,17.612,39.16,TiFeH2,1,6.626752689425165e-13,6.383141637343222e-13
678.06,10.904,127.83,TiFeH2,1,1.1444389189568227e-11,1.1466564864718593e-11
628.2,10.809,54.62,TiFeH2,1,7.009185292316134e-12,7.186484241496225e-12
582.91,24.252,161.63,LaNi5H6,2,8.930879795356733e-11,9.278395652643682e-11
507.54,6.144,150.91,MgH2,0,4.719771774220292e-14,4.766050571804059e-14
572.55,27.804,188.6,LaNi5H6,2,8.085447993273244e-11,8.057389990710195e-11
461.34,47.178,121.63,TiFeH2,1,6.671821708269116e-13,6.586242711988075e-13
482.31,4.531,155.31,MgH2,0,2.141080208671125e-14,2.101024835854592e-14
605.01,12.84,84.95,MgH2,0,5.314253278179885e-13,5.634504325062761e-13
343.66,43.407,33.9,MgH2,0,4.8922503659713157e-17,1e-16
661.56,19.849,57.44,TiFeH2,1,1.0139452684218159e-11,1.0442376556696342e-11
372.35,47.543,129.73,TiFeH2,1,7.536485202683906e-14,7.524433714181533e-14
415.93,26.1,87.3,TiFeH2,1,2.395978149766044e-13,2.199062304719066e-13
458.04,23.859,125.65,TiFeH2,1,6.038661982852279e-13,6.38730341449801e-13
542.63,22.371,144.82,TiFeH2,1,2.520019432304266e-12,2.4527497319812705e-12
629.87,44.441,125.91,MgH2,0,9.332967523009035e-13,9.077773310995214e-13
415.14,9.885,74.28,TiFeH2,1,2.2368339312673367e-13,2.2568928392584962e-13
602.44,29.788,151.47,TiFeH2,1,5.521318740261486e-12,5.790880785666876e-12
674.38,21.414,137.73,MgH2,0,1.946149957157156e-12,1.9654337700624913e-12
694.25,37.974,85.74,TiFeH2,1,1.4117000227195912e-11,1.5116387255187762e-11
531.44,42.986,141.63,TiFeH2,1,2.211430254258415e-12,2.16743337937877e-12
613.16,25.699,27.18,TiFeH2,1,6.2239720752963885e-12,6.175497160852852e-12
426.37,20.529,99.06,MgH2,0,3.1303045021057573e-15,3.0615362153188828e-15
492.92,9.024,32.92,MgH2,0,3.156450311876474e-14,2.959070956910793e-14
402.67,7.83,47.1,LaNi5H6,2,6.420302015652338e-12,6.44948555722591e-12
304.41,49.755,194.68,TiFeH2,1,6.0398658142266765e-15,6.200945987849132e-15
636.83,9.329,94.6,TiFeH2,1,7.603686788289913e-12,7.456679594737634e-12
565.73,21.03,87.74,MgH2,0,2.3314597011155087e-13,2.4045420667663704e-13
593.25,15.969,178.61,TiFeH2,1,4.795822521053761e-12,4.829650326609229e-12
551.39,18.053,112.46,LaNi5H6,2,6.346706211578869e-11,6.437111802749095e-11
330.01,34.576,189.51,TiFeH2,1,1.734931506270682e-14,1.7897194852213174e-14
573.22,40.247,58.2,MgH2,0,2.89070358248869e-13,2.955754976778105e-13
554.22,46.533,81.3,TiFeH2,1,3.0817875472566043e-12,3.1872598266967532e-12
448.37,33.84,101.59,MgH2,0,7.619805541399268e-15,7.789429019803314e-15
449.67,34.187,173.52,MgH2,0,7.96744576649972e-15,7.59267374974306e-15
555.83,39.407,84.11,MgH2,0,1.9184601044303318e-13,1.9832106608161924e-13
409.65,1.795,146.84,TiFeH2,1,1.77185616861327e-13,1.7479635689814628e-13
678.41,17.322,152.28,MgH2,0,2.0483534814338094e-12,2.052526786728906e-12
352.84,3.966,195.57,MgH2,0,7.269823773873416e-17,1e-16
466.5,17.821,151.55,MgH2,0,1.3922755418571483e-14,1.3674977632272191e-14
577.62,26.115,13.69,LaNi5H6,2,8.535435789395449e-11,8.813603742690226e-11
335.06,31.675,48.4,MgH2,0,2.7467312149817334e-17,1e-16
547.57,22.964,174.18,TiFeH2,1,2.703143074046302e-12,2.5915538140064154e-12
314.04,20.157,110.84,LaNi5H6,2,6.306196689493674e-13,6.151239311456717e-13
389.21,38.089,182.64,LaNi5H6,2,5.1321474420340914e-12,5.2441617475761495e-12
545.53,8.356,109.77,TiFeH2,1,2.4989983037633293e-12,2.4497815737418035e-12
438.49,17.019,63.24,LaNi5H6,2,1.3153863128324768e-11,1.3048187133265824e-11
489.02,46.552,173.57,TiFeH2,1,1.1152805462977106e-12,1.0812159433186142e-12
412.24,16.709,26.67,LaNi5H6,2,8.068134975542851e-12,8.061193566668019e-12
466.9,3.536,184.63,TiFeH2,1,6.482260896298235e-13,6.597253753432565e-13
521.59,30.916,176.39,TiFeH2,1,1.8708255874757326e-12,1.8652223948445586e-12
521.43,35.289,181.75,MgH2,0,7.81847301669626e-14,7.951274728080293e-14
434.02,10.285,77.13,TiFeH2,1,3.483659223125339e-13,3.366093107427357e-13
671.83,41.941,45.47,TiFeH2,1,1.1605943542161847e-11,1.1863360825558861e-11
609.77,13.611,115.94,TiFeH2,1,5.778835642252581e-12,5.873124916743532e-12
465.61,8.024,99.64,LaNi5H6,2,1.98775889787572e-11,1.9663112768158445e-11
602.15,15.941,127.74,LaNi5H6,2,1.055806189236928e-10,1.1188690773512064e-10
514.43,8.617,161.53,MgH2,0,5.877289462684336e-14,5.6504742828896925e-14
394.66,42.786,63.87,MgH2,0,8.060029509152592e-16,8.294851780727047e-16
469.73,25.074,115.56,LaNi5H6,2,2.2262898009773916e-11,2.1761836490400276e-11
405.61,34.445,158.77,LaNi5H6,2,7.255865993103255e-12,7.0567893272176654e-12
393.03,40.917,127.74,MgH2,0,7.40130646887798e-16,7.866700342142091e-16
403.05,46.498,13.13,TiFeH2,1,1.7890054291680156e-13,1.752643274161018e-13
495.43,24.995,152.43,MgH2,0,3.618444858146752e-14,3.62866874423031e-14
347.39,40.161,36.07,MgH2,0,6.147024743075148e-17,1e-16
621.74,6.355,132.94,MgH2,0,7.038344371672441e-13,6.740660532388162e-13
570.87,44.373,133.87,LaNi5H6,2,8.119312198575356e-11,7.755000222979656e-11
501.15,18.406,156.78,TiFeH2,1,1.3123139551133346e-12,1.3126751005614283e-12
563.99,9.552,105.6,TiFeH2,1,3.2406406525016783e-12,3.1967777363793677e-12
485.12,28.513,157.12,MgH2,0,2.6487638286680215e-14,2.508303423202794e-14
361.41,41.604,150.87,LaNi5H6,2,2.6499510362804557e-12,2.7172167504467742e-12
498.62,40.832,115.17,LaNi5H6,2,3.443604545011366e-11,3.4380181393520736e-11
387.83,8.347,77.4,TiFeH2,1,1.0853552551849607e-13,1.1107372457871281e-13
397.07,29.379,106.96,LaNi5H6,2,6.037063170967937e-12,5.766461654310236e-12
619.64,30.074,141.4,LaNi5H6,2,1.2703608939340226e-10,1.308162807336127e-10
470.35,2.451,56.87,MgH2,0,1.3899267068333888e-14,1.442505020683285e-14
361.43,44.43,70.0,TiFeH2,1,5.35049618816062e-14,5.2666691383375306e-14
521.71,13.669,189.08,TiFeH2,1,1.7973369045301386e-12,1.7020621296779054e-12
463.41,24.234,14.4,MgH2,0,1.2868586649196998e-14,1.2562626029567764e-14
420.6,39.584,153.17,MgH2,0,2.558796843247201e-15,2.6923390207888286e-15
479.81,5.57,65.85,TiFeH2,1,8.511825884802303e-13,8.54799859911056e-13
448.18,42.061,138.75,MgH2,0,7.65342599321379e-15,7.440691415318689e-15
429.53,14.63,39.69,LaNi5H6,2,1.1141182521036423e-11,1.1433857664214409e-11
404.28,42.069,24.58,TiFeH2,1,1.8372203246082622e-13,1.797426433328448e-13
401.89,23.173,131.89,TiFeH2,1,1.6692712315417873e-13,1.7433663608978375e-13
621.09,17.478,121.19,TiFeH2,1,6.637443646035755e-12,6.6262049080384965e-12
537.77,20.45,143.26,MgH2,0,1.1690943872027412e-13,1.2182379574897704e-13
305.57,48.197,130.13,MgH2,0,3.2756166181150915e-18,1e-16
585.1,21.257,142.38,TiFeH2,1,4.414757777625635e-12,4.462088171333892e-12
659.3,14.552,94.05,LaNi5H6,2,1.7093797140453018e-10,1.717153452212995e-10
331.1,46.55,86.45,TiFeH2,1,1.843577083459334e-14,1.8588872387366456e-14
467.44,1.454,173.55,MgH2,0,1.2018327894375696e-14,1.224088866750113e-14
559.24,32.494,101.21,LaNi5H6,2,7.094532299055007e-11,6.895908334704941e-11
564.77,30.938,70.64,MgH2,0,2.33886337516542e-13,2.2686068593671843e-13
309.08,2.767,47.38,MgH2,0,3.5852741440703236e-18,1e-16
310.87,38.577,74.55,TiFeH2,1,7.99142442526478e-15,8.064685055548177e-15
625.61,29.827,187.72,MgH2,0,8.368958712212935e-13,8.265480878265817e-13
555.7,14.025,139.02,TiFeH2,1,2.9538854545487093e-12,2.896855279165567e-12
416.99,4.378,179.57,LaNi5H6,2,8.2974536849619e-12,8.062313489206542e-12
499.68,47.427,166.38,TiFeH2,1,1.3416103318311584e-12,1.3629911689908137e-12
500.48,42.742,13.69,LaNi5H6,2,3.548715863066946e-11,3.663600973283963e-11
642.39,26.277,24.24,LaNi5H6,2,1.5363964999106378e-10,1.4577343523885706e-10
389.44,9.346,27.69,TiFeH2,1,1.1440826659443568e-13,1.1008773064352479e-13
601.83,14.956,199.56,TiFeH2,1,5.284066115217556e-12,5.35785758715101e-12
661.16,21.295,98.11,TiFeH2,1,1.0119735142585623e-11,1.0416903596183636e-11
586.82,16.242,94.52,LaNi5H6,2,9.139771866047186e-11,9.20559783175975e-11
672.84,1.979,64.93,LaNi5H6,2,1.729332818738339e-10,1.7835210420769733e-10
546.47,13.757,37.34,MgH2,0,1.4294054321120887e-13,1.3572636337623452e-13
539.75,35.449,131.41,MgH2,0,1.2745968202360955e-13,1.260150290076552e-13
320.21,13.683,122.36,TiFeH2,1,1.1236383313361047e-14,1.181824786370271e-14
386.65,36.331,133.99,TiFeH2,1,1.1295412974867074e-13,1.1042582160801269e-13
690.25,44.081,37.31,MgH2,0,2.6418609543546996e-12,2.6130448594051796e-12
491.15,49.74,39.25,MgH2,0,3.334732682418827e-14,3.3156486281711004e-14
643.99,7.202,163.11,TiFeH2,1,8.04955764851888e-12,7.675776559996574e-12
471.98,8.482,72.66,TiFeH2,1,7.525104259621302e-13,7.761253827125712e-13
546.01,46.559,151.07,LaNi5H6,2,6.216085840035682e-11,6.065641721532298e-11
480.46,24.028,192.24,LaNi5H6,2,2.6018810194367626e-11,2.6299588150809153e-11
521.07,49.953,50.2,LaNi5H6,2,4.654660775001257e-11,4.640335691604753e-11
611.5,26.493,192.27,MgH2,0,6.307692808520874e-13,6.43073993780791e-13
398.28,44.88,106.37,TiFeH2,1,1.5702650611149356e-13,1.5311048879951248e-13
334.68,6.103,76.73,TiFeH2,1,1.9041281111680446e-14,1.9282610741243303e-14
526.09,47.355,158.76,MgH2,0,9.049871072977954e-14,9.247714169000455e-14
372.6,10.897,183.41,MgH2,0,2.393890533886481e-16,2.4147202826740797e-16
520.93,6.465,163.32,LaNi5H6,2,4.235117899162029e-11,4.3167057030304995e-11
307.13,38.912,93.61,MgH2,0,3.667456860759249e-18,1e-16
682.25,23.784,110.97,MgH2,0,2.2295098826368026e-12,2.1568344692034208e-12
406.79,22.964,56.6,MgH2,0,1.3619967588082483e-15,1.3477969859777218e-15
618.13,13.914,23.36,LaNi5H6,2,1.2165717477538637e-10,1.1594490181631671e-10
425.78,42.622,152.94,MgH2,0,3.188164966302128e-15,3.0267786821431486e-15
472.84,1.719,67.85,MgH2,0,1.4697441517228088e-14,1.380937686429619e-14
432.24,48.25,147.04,LaNi5H6,2,1.2278575980176835e-11,1.2259195932715133e-11
560.77,20.666,136.89,MgH2,0,2.066824188838758e-13,2.151640915056044e-13
478.29,10.652,41.47,LaNi5H6,2,2.4431388473493236e-11,2.3854561937864416e-11
480.15,49.956,198.44,MgH2,0,2.333672454789345e-14,2.2638126641717402e-14
354.02,42.29,160.15,TiFeH2,1,4.1668802918478844e-14,4.153312517177505e-14
441.1,2.907,29.18,LaNi5H6,2,1.2713472299189276e-11,1.2605404031486436e-11
640.21,30.436,134.17,MgH2,0,1.1033296238469957e-12,1.0912326209529489e-12
668.96,46.716,142.89,LaNi5H6,2,1.9319972766392563e-10,1.975940412727161e-10
666.96,21.759,52.13,TiFeH2,1,1.0727347294022607e-11,1.100870770281791e-11
373.78,14.419,195.97,LaNi5H6,2,3.441221096081418e-12,3.3436693085953077e-12
489.4,7.938,95.47,MgH2,0,2.795367180529703e-14,2.5624017593282668e-14
694.65,35.808,20.13,TiFeH2,1,1.4162813345345954e-11,1.4473749440567678e-11
502.39,11.16,48.29,LaNi5H6,2,3.4309552182597234e-11,3.3171176732621604e-11
683.41,40.514,57.47,TiFeH2,1,1.2877586652158755e-11,1.3222885776169995e-11
696.95,29.769,86.09,MgH2,0,2.852080382598467e-12,2.888683674054075e-12
454.81,10.913,42.24,LaNi5H6,2,1.700171537225923e-11,1.677416835385448e-11
420.5,13.612,164.95,LaNi5H6,2,9.349993234056378e-12,9.286188610683514e-12
574.42,29.624,41.54,TiFeH2,1,3.942782988838672e-12,4.049067243030996e-12
431.0,9.446,19.93,LaNi5H6,2,1.1229905764739998e-11,1.1112467801385263e-11
614.43,42.008,42.86,MgH2,0,6.94160596217486e-13,6.54424127858331e-13
478.96,41.372,173.2,TiFeH2,1,9.253739169654111e-13,9.793583192437953e-13
317.19,3.807,162.01,LaNi5H6,2,6.497531166957331e-13,6.351200669775141e-13
619.7,46.589,10.1,MgH2,0,7.760967638538636e-13,7.120763240394077e-13
415.26,26.288,198.49,MgH2,0,1.980036314510283e-15,1.91637608814543e-15
621.1,30.31,42.37,TiFeH2,1,6.8469967533246674e-12,6.946682853430001e-12
438.21,18.152,55.88,LaNi5H6,2,1.3131383733845565e-11,1.3099432257959242e-11
326.62,29.926,113.0,MgH2,0,1.5343665340015332e-17,1e-16
310.2,33.835,148.3,LaNi5H6,2,5.641057094414631e-13,5.902873698057741e-13
688.54,15.569,190.42,LaNi5H6,2,2.1237374639177726e-10,2.0667943493402745e-10
674.22,27.381,98.98,LaNi5H6,2,1.9670152000809112e-10,2.01380147008485e-10
473.61,26.232,161.66,LaNi5H6,2,2.3622923694912238e-11,2.3843615672493532e-11
458.57,2.235,129.94,TiFeH2,1,5.374181533131852e-13,5.620745780842922e-13
475.74,6.213,107.07,LaNi5H6,2,2.2913340171929446e-11,2.363171783758377e-11
341.12,34.798,97.41,TiFeH2,1,2.6392710550414718e-14,2.7002935446736244e-14
431.24,12.577,47.2,LaNi5H6,2,1.1413736985169545e-11,1.1607100528656621e-11
670.34,47.399,69.64,LaNi5H6,2,1.9576120196140888e-10,1.9312980297971482e-10
374.15,49.069,101.46,TiFeH2,1,7.978100065211786e-14,8.098031356892246e-14
598.43,27.059,121.26,TiFeH2,1,5.2498059833545055e-12,4.95134729210088e-12
304.05,35.518,126.23,LaNi5H6,2,4.5413878990755716e-13,4.784663792879383e-13
553.59,28.218,150.32,MgH2,0,1.7727606965270376e-13,1.7439059411544088e-13
660.92,22.439,98.38,LaNi5H6,2,1.763759441331297e-10,1.78272087747786e-10
379.91,48.521,99.83,MgH2,0,3.890884574130264e-16,3.9557933152794773e-16
613.56,21.179,120.39,MgH2,0,6.505660954944472e-13,6.402030361534042e-13
475.56,38.011,176.17,MgH2,0,1.9779858149859527e-14,1.9379248403607866e-14
418.01,40.979,183.53,TiFeH2,1,2.566561274197129e-13,2.647899624268936e-13
371.44,4.858,56.98,TiFeH2,1,6.534593599181265e-14,6.813665077646773e-14
575.56,3.884,33.64,TiFeH2,1,3.5963072452109866e-12,3.690135881954529e-12
438.75,32.404,154.4,MgH2,0,5.260269761246097e-15,5.15589282290073e-15
670.67,38.35,141.46,TiFeH2,1,1.1386729048622088e-11,1.1573281872080664e-11
608.74,7.85,89.21,TiFeH2,1,5.554726060945028e-12,5.619965658187456e-12
519.59,48.051,29.79,LaNi5H6,2,4.565273990945982e-11,4.62431044685835e-11
453.11,27.129,89.76,TiFeH2,1,5.507542534018214e-13,5.668800744103751e-13
496.63,27.585,45.43,LaNi5H6,2,3.302773120257511e-11,3.4610117408920575e-11
650.22,17.735,111.16,TiFeH2,1,9.002544255146417e-12,8.849215943568647e-12
490.89,20.76,77.5,TiFeH2,1,1.1113354853165477e-12,1.1506251127463543e-12
401.35,22.135,162.26,MgH2,0,1.0533377698786104e-15,1.0706586996291951e-15
587.1,40.845,85.72,MgH2,0,3.9291736372063636e-13,3.744456318262609e-13
609.58,15.794,150.33,MgH2,0,5.885885130288953e-13,5.711929319888063e-13
672.49,35.866,16.62,MgH2,0,1.963541701672656e-12,1.9385381947288038e-12
645.47,21.846,44.75,LaNi5H6,2,1.5619509696064158e-10,1.5591965010174371e-10
510.98,2.522,189.39,TiFeH2,1,1.384181371328459e-12,1.416565801020034e-12
451.28,12.639,29.63,TiFeH2,1,5.112946770691879e-13,4.921404135726579e-13
331.26,25.532,142.7,TiFeH2,1,1.796896860440369e-14,1.73577877255932e-14
402.39,24.646,32.6,MgH2,0,1.1210318770302689e-15,1.1367897550535656e-15
677.52,16.871,128.7,TiFeH2,1,1.1648359035625778e-11,1.1373761923387002e-11
497.6,18.881,58.12,MgH2,0,3.8155330724853545e-14,3.909875899715184e-14
535.85,43.943,141.18,LaNi5H6,2,5.518250485072865e-11,5.3493484328738296e-11
646.64,25.707,192.04,TiFeH2,1,8.822831713219625e-12,8.538661786134235e-12
360.92,35.398,74.5,MgH2,0,1.360943652699684e-16,1.3313271430717165e-16
598.11,25.181,180.29,LaNi5H6,2,1.035489504772684e-10,1.0440469746979682e-10
657.38,27.039,165.48,MgH2,0,1.4816540306986491e-12,1.5843257396469458e-12
445.74,30.798,106.67,LaNi5H6,2,1.5273749082383837e-11,1.5590171058573583e-11
548.01,21.963,139.01,LaNi5H6,2,6.159653677494655e-11,6.394750201001638e-11
647.0,44.886,34.58,MgH2,0,1.2846783564419412e-12,1.251835857213679e-12
474.69,25.909,48.84,MgH2,0,1.8901179342994787e-14,1.89502310458554e-14
670.05,35.565,80.54,MgH2,0,1.8774475564245107e-12,1.9250680623050347e-12
611.6,12.827,11.43,MgH2,0,6.094874823974025e-13,6.275628072063817e-13
640.79,15.471,168.14,LaNi5H6,2,1.4755397267772028e-10,1.438560622682346e-10
621.76,13.057,105.15,MgH2,0,7.405587643877794e-13,7.268667269510111e-13
431.51,34.594,83.02,LaNi5H6,2,1.197269631064908e-11,1.2617150076793582e-11
555.29,46.908,167.54,TiFeH2,1,3.117530902312821e-12,3.2200413258370874e-12
633.13,43.599,98.78,TiFeH2,1,7.911612239204022e-12,8.163279169930903e-12
440.54,48.773,13.87,LaNi5H6,2,1.428319299645376e-11,1.3573872847789603e-11
588.73,12.685,104.73,TiFeH2,1,4.501208754277508e-12,4.532357879882858e-12
333.8,20.312,19.77,MgH2,0,2.458848017431519e-17,1e-16
414.7,5.164,147.89,LaNi5H6,2,8.004156835608825e-12,8.066035944677712e-12
521.94,32.808,190.93,MgH2,0,7.888060523921345e-14,7.858762067708454e-14
361.72,3.804,176.04,MgH2,0,1.2187798979100576e-16,1.209395751576541e-16
309.78,14.421,41.01,TiFeH2,1,7.259517944249989e-15,7.185556880929537e-15
632.45,30.325,50.27,MgH2,0,9.608226147126807e-13,9.462054680684107e-13
508.34,11.674,166.61,LaNi5H6,2,3.705671095512589e-11,3.3930221065809796e-11
681.16,27.437,49.47,MgH2,0,2.218981291254549e-12,2.2369613927146603e-12
472.93,21.203,17.99,LaNi5H6,2,2.326851826571922e-11,2.441483834543763e-11
674.42,38.663,184.2,MgH2,0,2.015829546162089e-12,2.055615248846999e-12
584.77,14.688,79.94,TiFeH2,1,4.325063419830061e-12,4.134504659520759e-12
574.1,46.465,163.3,LaNi5H6,2,8.402068848450214e-11,8.391502479451258e-11
477.88,16.908,99.0,TiFeH2,1,8.698939112221313e-13,8.570478288621165e-13
509.24,17.79,109.21,TiFeH2,1,1.4998020215331745e-12,1.4550018750820294e-12
393.58,7.571,81.66,MgH2,0,6.827177495827868e-16,6.944032224237697e-16
344.07,39.14,178.08,LaNi5H6,2,1.651094796009843e-12,1.6030569492900047e-12
423.07,28.629,179.69,TiFeH2,1,2.8444846852435043e-13,2.817891077327866e-13
673.21,3.386,89.67,MgH2,0,1.6877984722633863e-12,1.7169406678722165e-12
586.16,15.123,75.12,MgH2,0,3.616163647502518e-13,3.6477578613809425e-13
538.57,13.186,85.31,LaNi5H6,2,5.4171407922907236e-11,5.451612285780776e-11
532.42,20.004,86.92,MgH2,0,1.0190292069352598e-13,9.708611435333037e-14
422.82,26.572,107.29,LaNi5H6,2,1.007609749992688e-11,1.0636186944177299e-11
490.01,43.544,44.49,TiFeH2,1,1.136912340332281e-12,1.1801476464074983e-12
492.24,14.629,23.51,LaNi5H6,2,3.026675004913388e-11,3.063552369234821e-11
564.66,31.911,184.93,MgH2,0,2.32196243309426e-13,2.3143595048438665e-13
633.07,8.605,161.25,MgH2,0,8.892406446079748e-13,8.712545308859758e-13
338.56,25.213,57.96,MgH2,0,3.405154030476328e-17,1e-16
391.23,21.571,159.94,LaNi5H6,2,5.240790647383707e-12,5.294088625184033e-12
552.36,25.631,152.69,TiFeH2,1,2.908354681596035e-12,2.866039017543558e-12
639.89,48.344,96.05,TiFeH2,1,8.530911202125576e-12,8.515800684735394e-12
614.71,14.711,23.52,LaNi5H6,2,1.1832041107798023e-10,1.1566285581998094e-10
460.68,29.481,52.76,LaNi5H6,2,1.950799214025332e-11,1.8958122662753166e-11
502.11,18.094,162.51,TiFeH2,1,1.3321119599776678e-12,1.3274655543147353e-12
603.99,14.695,147.43,TiFeH2,1,5.424062314231273e-12,5.320842789129349e-12
611.35,30.69,168.89,MgH2,0,6.35666530588047e-13,6.473557778913531e-13
555.61,28.538,103.41,TiFeH2,1,3.0631910147384208e-12,3.2438697348628632e-12
599.67,35.485,120.71,TiFeH2,1,5.399331950113152e-12,5.6425020730396904e-12
520.13,24.956,175.24,TiFeH2,1,1.8094279375824916e-12,1.9085597639475147e-12
563.54,28.82,142.86,LaNi5H6,2,7.381060461054622e-11,7.547034796447521e-11
609.73,10.228,166.39,MgH2,0,5.729591398376067e-13,5.825051014023954e-13
340.57,8.768,65.68,LaNi5H6,2,1.4036583918163775e-12,1.4074034453653765e-12
686.71,23.885,153.82,LaNi5H6,2,2.1378890819972768e-10,2.1454638452487777e-10
491.75,30.568,43.5,MgH2,0,3.295128147863112e-14,3.215724776768646e-14
459.68,7.415,61.9,TiFeH2,1,5.887008300412606e-13,5.985968176109106e-13
668.39,17.754,70.89,MgH2,0,1.7483296593724124e-12,1.7826664794836932e-12
595.91,33.595,23.77,TiFeH2,1,5.17127611490659e-12,5.292467226146214e-12
329.91,32.797,32.32,LaNi5H6,2,1.0814689598033614e-12,1.0576140279570342e-12
663.04,8.19,120.77,TiFeH2,1,9.796575173672182e-12,9.799749876761912e-12
481.73,17.977,46.54,MgH2,0,2.3230910457202973e-14,2.312929116633542e-14
670.27,4.254,158.72,TiFeH2,1,1.0109771166982997e-11,9.951327062886352e-12
474.04,45.568,98.35,MgH2,0,1.910589939571348e-14,1.8648571361375417e-14
631.05,10.712,128.14,MgH2,0,8.708648035503492e-13,8.499585174915533e-13
432.13,39.711,57.29,LaNi5H6,2,1.2186289550708117e-11,1.2166776311440223e-11
344.85,48.292,77.46,LaNi5H6,2,1.7082334754240305e-12,1.7324225517867467e-12
548.74,33.483,190.63,TiFeH2,1,2.798646663592035e-12,2.9180056115645006e-12
488.44,8.111,148.92,MgH2,0,2.7085031174108405e-14,2.7510768011948777e-14
321.35,49.881,94.35,MgH2,0,1.0902233895143324e-17,1e-16
654.36,10.353,118.02,LaNi5H6,2,1.618805433585006e-10,1.5958899647363778e-10
650.0,7.584,130.12,MgH2,0,1.2003665990745403e-12,1.150286628875683e-12
526.13,44.094,85.07,LaNi5H6,2,4.922071340497586e-11,4.770388272096429e-11
433.46,6.421,165.65,MgH2,0,3.838785412131613e-15,3.951816116450011e-15
699.76,34.531,68.11,LaNi5H6,2,2.386147155424064e-10,2.2954786028413947e-10
523.04,31.425,16.22,LaNi5H6,2,4.6817293645251375e-11,4.708234174289442e-11
493.39,16.78,133.35,LaNi5H6,2,3.083502783367545e-11,2.9783889921532163e-11
389.77,13.874,41.91,TiFeH2,1,1.1780739946146124e-13,1.265433214379212e-13
667.66,40.976,35.7,LaNi5H6,2,1.9088607180303434e-10,1.91052369294979e-10
380.61,2.675,104.86,TiFeH2,1,8.290173894625676e-14,8.207493702036273e-14
602.52,15.671,122.3,LaNi5H6,2,1.0588081615228181e-10,1.0246482650616914e-10
594.98,36.783,122.01,LaNi5H6,2,1.023465332293083e-10,1.0463833274286707e-10
364.78,47.325,175.87,TiFeH2,1,5.946802436991683e-14,6.049092637038804e-14
574.44,4.827,195.36,MgH2,0,2.561474087217096e-13,2.620761960786285e-13
524.31,32.771,74.86,TiFeH2,1,1.9643559917458087e-12,2.026656874068049e-12
502.59,35.771,161.7,LaNi5H6,2,3.6068232455673855e-11,3.4981978336199336e-11
646.51,41.97,34.2,LaNi5H6,2,1.6201481139174437e-10,1.595037854905951e-10
359.11,42.815,152.55,MgH2,0,1.2350027296746355e-16,1.2911843122116004e-16
301.72,14.702,54.97,TiFeH2,1,5.052183692008585e-15,5.2157243390946475e-15
323.32,14.626,146.67,MgH2,0,1.158159733334599e-17,1e-16
361.78,25.387,107.14,LaNi5H6,2,2.62282682140782e-12,2.6474737763711116e-12
342.1,3.613,95.63,LaNi5H6,2,1.4071672002370472e-12,1.3141804951327712e-12
489.57,30.72,62.67,TiFeH2,1,1.1081896397888955e-12,1.127485303645843e-12
571.18,46.465,95.68,LaNi5H6,2,8.170168586870409e-11,8.314743865472494e-11
671.19,18.403,176.72,TiFeH2,1,1.1013207835033074e-11,1.1074121900952662e-11
370.71,17.372,196.65,MgH2,0,2.227604181354332e-16,2.2519094469679766e-16
507.57,6.325,47.62,TiFeH2,1,1.3857218390554499e-12,1.4219713038479075e-12
573.04,29.794,37.39,TiFeH2,1,3.875321872701255e-12,3.841210930211703e-12
463.61,8.658,136.55,TiFeH2,1,6.396750027315693e-13,6.703803102030321e-13
500.42,28.723,140.07,MgH2,0,4.244000920197006e-14,4.2824478434707364e-14
624.88,5.428,32.44,LaNi5H6,2,1.2362805020877968e-10,1.2229803237152433e-10
440.82,40.54,190.59,TiFeH2,1,4.318623866252935e-13,4.2968743173704514e-13
531.61,5.521,168.83,LaNi5H6,2,4.786754206796525e-11,4.5528258783741145e-11
341.4,26.027,82.77,LaNi5H6,2,1.507604009214528e-12,1.4640731825324654e-12
392.83,20.123,45.25,LaNi5H6,2,5.430093677015168e-12,5.40250730671637e-12
670.71,32.856,13.15,MgH2,0,1.8963317837684094e-12,1.8052961474050116e-12
630.16,1.933,51.95,MgH2,0,7.612445574590771e-13,7.522914126316583e-13
639.92,49.466,138.09,TiFeH2,1,8.528219654830599e-12,8.868106427987199e-12
668.76,3.08,15.89,TiFeH2,1,9.845238376651822e-12,9.868458667566542e-12
580.11,36.996,108.84,MgH2,0,3.345775752417157e-13,3.2742761500873554e-13
623.3,3.847,41.08,MgH2,0,7.037148271530501e-13,6.810249637637389e-13
383.2,32.915,33.53,TiFeH2,1,1.0231791763654776e-13,1.0462052588292592e-13
367.89,39.451,14.94,TiFeH2,1,6.539694806398554e-14,6.339627194755219e-14
361.45,49.938,140.23,MgH2,0,1.4264764964285367e-16,1.386721060058082e-16
355.6,33.754,161.33,LaNi5H6,2,2.254991248558138e-12,2.2065636804298813e-12
491.77,2.07,167.36,TiFeH2,1,9.927738251966854e-13,1.0173662319061321e-12
426.54,15.657,176.22,TiFeH2,1,2.99234797895421e-13,2.881974559686263e-13
490.45,38.734,70.74,TiFeH2,1,1.1380471329907654e-12,1.1555109340494043e-12
421.43,5.568,164.2,LaNi5H6,2,9.140754850891658e-12,8.811851709164577e-12
518.91,43.157,151.67,TiFeH2,1,1.826041730451343e-12,1.7914768642510783e-12
308.46,16.074,197.52,TiFeH2,1,6.845660475711863e-15,6.963103089839333e-15
478.85,10.981,100.92,LaNi5H6,2,2.4621992624710814e-11,2.4754132736897622e-11
334.72,16.855,134.15,LaNi5H6,2,1.2130590676726479e-12,1.191481444569152e-12
628.66,14.882,162.04,LaNi5H6,2,1.3312113661479275e-10,1.332057962403645e-10
523.7,14.607,38.47,LaNi5H6,2,4.562478501066278e-11,4.732590108272402e-11
342.11,15.648,48.48,MgH2,0,4.1534395038710573e-17,1e-16
545.75,35.211,70.48,MgH2,0,1.4884113231927465e-13,1.4356555185081326e-13
390.9,12.801,180.49,MgH2,0,6.175748522186336e-16,6.253094577153994e-16
334.22,46.799,70.42,LaNi5H6,2,1.2508904903110952e-12,1.244704422232115e-12
639.42,6.047,90.46,MgH2,0,9.796975992500038e-13,9.893486386896134e-13
476.39,23.312,165.66,TiFeH2,1,8.579157719161149e-13,8.880098299621561e-13
475.68,19.161,199.67,LaNi5H6,2,2.4009370769987007e-11,2.179592507520074e-11
490.12,30.164,170.85,TiFeH2,1,1.1130964668521853e-12,1.1148272906399393e-12
565.15,49.291,198.44,MgH2,0,2.410247697722925e-13,2.500542164101906e-13
599.44,17.689,45.58,MgH2,0,4.851464126111257e-13,4.774803901250328e-13
684.76,26.124,109.18,MgH2,0,2.3347919657493964e-12,2.303471362576678e-12
322.08,19.873,38.69,TiFeH2,1,1.2403460743638676e-14,1.3541924008422637e-14
688.28,1.266,66.0,MgH2,0,1.999639502004905e-12,1.9806710593891903e-12
605.57,17.206,20.03,MgH2,0,5.500610558674875e-13,5.291365036488712e-13
541.36,19.109,110.63,TiFeH2,1,2.458397049449215e-12,2.3951786511920972e-12
683.63,26.054,108.87,LaNi5H6,2,2.1018903503364303e-10,2.0351841529684085e-10
635.05,7.804,169.61,LaNi5H6,2,1.3646844481086497e-10,1.4399946413741496e-10
518.32,5.3,103.91,TiFeH2,1,1.626545620810725e-12,1.5037693121439122e-12
334.54,14.266,124.61,LaNi5H6,2,1.1981697092159082e-12,1.193213521348979e-12
354.96,1.081,77.13,MgH2,0,7.529372671460851e-17,1e-16
464.74,39.358,191.82,TiFeH2,1,7.049133503860901e-13,7.014501652867973e-13
481.97,38.143,134.26,LaNi5H6,2,2.717447262669756e-11,2.662145862028079e-11
349.5,17.978,170.74,MgH2,0,6.597101370880055e-17,1e-16
357.56,36.314,38.94,MgH2,0,1.1245663171540052e-16,1.1693903295251032e-16
583.07,42.701,178.54,LaNi5H6,2,9.159153042734122e-11,9.260010025506488e-11
508.31,22.62,161.18,LaNi5H6,2,3.8137123110193774e-11,3.910718655089593e-11
452.41,16.494,28.8,MgH2,0,8.480080319598816e-15,8.470276092924519e-15
639.51,13.197,101.06,LaNi5H6,2,1.4528337523890197e-10,1.4225125692190362e-10
312.33,8.274,28.97,MgH2,0,4.984410708726927e-18,1e-16
674.76,38.16,167.27,LaNi5H6,2,1.9989675193127162e-10,2.013646514537064e-10
528.49,32.092,195.86,MgH2,0,9.400946517579355e-14,9.314486307283911e-14
532.69,47.495,140.86,TiFeH2,1,2.2638959497779724e-12,2.2071954654751662e-12
336.02,21.502,81.67,MgH2,0,2.8501632798499564e-17,1e-16
398.35,30.467,93.05,TiFeH2,1,1.544250134279567e-13,1.5700041511490207e-13
637.09,30.226,199.66,TiFeH2,1,8.065088134043128e-12,8.195121676059987e-12
521.61,45.448,40.64,MgH2,0,8.048908344333647e-14,8.139710744268501e-14
412.55,15.931,178.64,MgH2,0,1.7059242909353523e-15,1.785345990741451e-15
616.74,4.991,63.01,LaNi5H6,2,1.1459165237093168e-10,1.201731384956968e-10
398.54,26.797,10.74,TiFeH2,1,1.547231261076426e-13,1.4881447073281476e-13
406.41,49.395,134.89,TiFeH2,1,1.94699532601102e-13,1.913310448137236e-13
328.72,22.126,53.69,TiFeH2,1,1.6226392113155458e-14,1.6044568575815205e-14
598.72,10.389,75.06,MgH2,0,4.605123179325605e-13,4.4266448699738006e-13
369.86,29.169,125.94,MgH2,0,2.207702184821697e-16,2.2021752829901952e-16
486.95,34.09,75.05,MgH2,0,2.852089197548655e-14,2.9532696921783137e-14
665.26,42.779,86.41,TiFeH2,1,1.0902493634089138e-11,1.1718194333204111e-11
628.04,3.684,147.48,LaNi5H6,2,1.2433452500310495e-10,1.2641670024626332e-10
336.0,21.83,108.15,TiFeH2,1,2.1355846632288815e-14,2.0454736281928077e-14
587.79,37.392,36.18,MgH2,0,3.9774653357592507e-13,3.7184589092674677e-13
527.99,3.971,154.4,TiFeH2,1,1.8540726845722224e-12,1.981985014627174e-12
432.01,9.713,148.74,LaNi5H6,2,1.1406161789228816e-11,1.1926120119276613e-11
662.36,21.886,177.59,TiFeH2,1,1.0219372050418716e-11,1.0506754169712063e-11
434.74,13.964,37.71,TiFeH2,1,3.6030300296183075e-13,3.5141910075993343e-13
472.78,16.688,49.76,TiFeH2,1,7.921031874108344e-13,7.996598207939699e-13
360.24,4.521,83.23,TiFeH2,1,4.570731389354539e-14,4.627347859170662e-14
461.05,2.523,39.03,LaNi5H6,2,1.756593321187464e-11,1.6649615723402112e-11
356.07,29.215,44.39,LaNi5H6,2,2.277281004713529e-12,2.343463837068897e-12
431.94,47.963,40.46,MgH2,0,4.15168748289219e-15,4.172824539069219e-15
603.41,16.381,23.65,MgH2,0,5.245239502647893e-13,5.433063961173749e-13
476.49,10.138,46.67,TiFeH2,1,8.273625153745151e-13,8.140770036152446e-13
629.77,36.464,78.51,TiFeH2,1,7.574541021666633e-12,7.62668272996974e-12
340.32,40.11,48.47,LaNi5H6,2,1.489857596546739e-12,1.561440995059819e-12
527.5,23.469,176.89,MgH2,0,8.984374417901937e-14,9.332221659428025e-14
478.74,22.69,54.18,TiFeH2,1,8.987156114533333e-13,9.048402540509006e-13
335.36,30.015,168.81,TiFeH2,1,2.113664245052047e-14,2.067619481230962e-14
677.81,7.266,35.44,LaNi5H6,2,1.9084495450810946e-10,1.9215827884277696e-10
532.98,35.218,169.73,TiFeH2,1,2.2378553672771616e-12,2.2928695217347177e-12
424.49,24.285,101.87,LaNi5H6,2,1.035802184279357e-11,1.0088655572436673e-11
416.94,39.994,144.76,LaNi5H6,2,9.152438079913235e-12,9.676309493263866e-12
586.76,40.194,133.98,MgH2,0,3.884625880438768e-13,3.9537980183173514e-13
593.39,27.321,47.69,TiFeH2,1,4.962200426811406e-12,4.9435855631988975e-12
659.35,31.387,27.62,MgH2,0,1.5599231936014586e-12,1.5054119226746122e-12
346.2,15.522,14.41,MgH2,0,5.379736720836108e-17,1e-16
405.15,22.026,52.9,TiFeH2,1,1.8169917770731648e-13,1.9440553568844356e-13
454.99,49.03,85.05,MgH2,0,9.941301024247023e-15,1.0205767185121447e-14
338.02,42.219,179.68,MgH2,0,3.3713640222695404e-17,1e-16
677.03,30.504,107.67,TiFeH2,1,1.1958218059676821e-11,1.2226852451717594e-11
371.71,14.623,93.22,MgH2,0,2.339220140836808e-16,2.3213979024915013e-16
406.35,46.132,18.58,MgH2,0,1.3978382789500606e-15,1.362778099794461e-15
337.67,49.855,33.95,MgH2,0,3.3581946319949075e-17,1e-16
540.8,10.312,187.05,TiFeH2,1,2.354710755084533e-12,2.352772826660199e-12
400.68,31.85,21.71,LaNi5H6,2,6.55634522811872e-12,6.7130963668945946e-12
614.77,35.769,173.21,MgH2,0,6.866156399868004e-13,6.493196668749966e-13
357.55,5.156,128.84,MgH2,0,9.822737398065498e-17,1.009418405464154e-16
411.23,41.174,129.21,LaNi5H6,2,8.195938376455193e-12,8.242566831765224e-12
618.42,27.802,86.81,TiFeH2,1,6.608718677804759e-12,6.6274484457876735e-12
475.71,18.101,23.23,LaNi5H6,2,2.4085134756379148e-11,2.412783288305248e-11
403.16,49.372,140.5,TiFeH2,1,1.7903614652045055e-13,1.8033940937984316e-13
490.83,34.293,121.37,LaNi5H6,2,3.07020307191381e-11,3.2502421608776864e-11
370.8,2.937,41.51,TiFeH2,1,6.2348495225615e-14,6.301648829263797e-14
643.03,14.879,36.28,MgH2,0,1.115348264845792e-12,1.0675956415494913e-12
683.55,6.491,159.62,MgH2,0,2.08175466176008e-12,2.1129010074007985e-12
337.69,24.865,68.83,LaNi5H6,2,1.3505804546877334e-12,1.2969199129447887e-12
447.0,45.225,187.25,MgH2,0,7.336309311370416e-15,7.0156088782153385e-15
308.64,22.255,74.47,MgH2,0,3.9918451816325335e-18,1e-16
316.65,6.864,41.41,MgH2,0,6.80967743099069e-18,1e-16
525.72,21.511,143.0,LaNi5H6,2,4.741661580962752e-11,4.793240379848374e-11
438.43,13.579,33.24,TiFeH2,1,3.9034020861661225e-13,4.0879456024243107e-13
308.69,38.069,111.22,TiFeH2,1,7.246139039817945e-15,7.230487685473248e-15
511.42,36.448,119.22,TiFeH2,1,1.6099793311569678e-12,1.5146516816985554e-12
379.96,3.075,43.9,MgH2,0,3.2554155685318176e-16,2.9964431906307714e-16
557.6,29.441,10.51,TiFeH2,1,3.16387959848629e-12,3.3609935363612136e-12
560.32,44.735,123.21,TiFeH2,1,3.335170459388557e-12,3.638513792791402e-12
528.97,24.513,39.17,MgH2,0,9.449033317464942e-14,9.82095442994709e-14
422.71,8.024,92.07,LaNi5H6,2,9.542151939069487e-12,9.79569235139174e-12
675.13,42.114,44.1,MgH2,0,2.067497767417498e-12,2.0056949688773034e-12
612.34,20.105,79.96,TiFeH2,1,6.077696465134317e-12,6.00102480296034e-12
414.76,39.89,117.44,TiFeH2,1,2.3748611492783983e-13,2.3202539363051773e-13
476.93,35.696,149.6,MgH2,0,2.0637153034939548e-14,1.992713255938751e-14
604.78,47.739,63.96,LaNi5H6,2,1.136087549452154e-10,1.1805425461748793e-10
498.2,23.766,120.37,LaNi5H6,2,3.345051086010544e-11,3.267916602525828e-11
666.54,26.124,136.06,MgH2,0,1.7308835981362133e-12,1.771262145587619e-12
552.67,45.621,61.91,MgH2,0,1.7952776775433298e-13,1.8293623481578634e-13
640.21,10.79,58.47,TiFeH2,1,7.945819549725628e-12,8.121199685250612e-12
375.79,10.887,117.72,MgH2,0,2.848009044182102e-16,2.7575892240599383e-16
525.19,2.48,153.17,LaNi5H6,2,4.268544486402478e-11,4.2082400166743676e-11
413.62,8.98,132.04,TiFeH2,1,2.1390968834817332e-13,2.0992569707424883e-13
345.93,3.538,101.31,LaNi5H6,2,1.567433993522095e-12,1.471572371295508e-12
598.45,42.62,51.11,LaNi5H6,2,1.0664645860296969e-10,1.1076748914817288e-10
610.32,15.043,195.17,TiFeH2,1,5.826661800510088e-12,5.9577207098352306e-12
365.7,29.862,33.56,LaNi5H6,2,2.9249939682918002e-12,3.086181187055826e-12
392.3,22.283,93.03,TiFeH2,1,1.2915143895809261e-13,1.3068734081235055e-13
528.74,24.405,29.1,TiFeH2,1,2.0739751191521417e-12,2.0107593290729426e-12
599.89,2.927,39.69,LaNi5H6,2,9.593845963895333e-11,9.824437420693592e-11
328.63,36.976,108.53,LaNi5H6,2,1.0420174125584073e-12,1.081719618113866e-12
390.76,37.514,89.66,MgH2,0,6.610194657108476e-16,6.693528067600772e-16
317.96,25.735,125.54,MgH2,0,8.155052498232358e-18,1e-16
647.1,43.048,72.04,MgH2,0,1.2807799828589456e-12,1.3004988642159849e-12
377.94,33.95,135.96,LaNi5H6,2,3.950322490959142e-12,3.964125124943062e-12
528.2,40.704,145.63,LaNi5H6,2,5.021463893668856e-11,5.0712226809262863e-11
351.65,46.306,163.82,LaNi5H6,2,2.0546638242791644e-12,2.106966284660965e-12
694.93,37.655,187.64,TiFeH2,1,1.413727602670095e-11,1.4119173345309687e-11
352.01,18.499,151.85,LaNi5H6,2,1.9954773064726244e-12,1.9898565362002046e-12
594.61,11.478,185.43,TiFeH2,1,4.790161819525882e-12,4.931089332683359e-12
343.43,3.188,188.6,MgH2,0,4.011362950745789e-17,1e-16
361.71,19.075,119.23,TiFeH2,1,5.165920101893941e-14,5.152013842252595e-14
673.17,37.824,180.08,TiFeH2,1,1.1630059685393504e-11,1.1537475068458987e-11
683.87,18.637,84.64,LaNi5H6,2,2.0767509617405836e-10,2.1046817901181993e-10
449.45,48.001,154.89,MgH2,0,8.076894126498262e-15,8.200445951545218e-15
497.4,33.033,55.85,TiFeH2,1,1.2737421742757574e-12,1.247696138211014e-12
446.2,13.28,111.6,LaNi5H6,2,1.4837439952141164e-11,1.5331270395798866e-11
478.51,15.323,107.12,TiFeH2,1,8.754416079418451e-13,8.397691992297333e-13
473.35,19.689,43.85,LaNi5H6,2,2.332106132436914e-11,2.3054898451909323e-11
652.87,8.438,167.09,TiFeH2,1,8.871603951205203e-12,9.374071364167079e-12
584.43,16.461,56.13,LaNi5H6,2,8.942840911962746e-11,8.710079080104563e-11
398.23,28.82,144.27,TiFeH2,1,1.531796534508029e-13,1.5313859884717288e-13
414.05,13.623,129.09,TiFeH2,1,2.2097711420945508e-13,2.1748673629721254e-13
325.53,39.062,111.88,MgH2,0,1.4446798943824976e-17,1e-16
357.81,49.778,171.87,MgH2,0,1.1542965217981573e-16,1.139092569758677e-16
431.34,2.756,168.18,MgH2,0,3.3205331947802373e-15,3.4080018745270245e-15
598.41,18.054,138.2,MgH2,0,4.728041471155347e-13,4.732016173026472e-13
427.23,49.421,109.52,LaNi5H6,2,1.1229315737992088e-11,1.1019831957719769e-11
647.78,5.666,44.26,LaNi5H6,2,1.4982837472453385e-10,1.5102093822828688e-10
674.73,46.446,128.31,MgH2,0,2.0558440890669416e-12,2.173826194090767e-12
642.65,9.477,191.07,MgH2,0,1.064920190213226e-12,1.0579546815960366e-12
621.55,49.001,48.19,LaNi5H6,2,1.322385546875118e-10,1.2714810636150884e-10
318.95,8.502,28.14,LaNi5H6,2,7.176608296323524e-13,7.076368277971901e-13
388.95,49.989,178.46,TiFeH2,1,1.2214114782663212e-13,1.2480148841015793e-13
656.32,25.442,197.83,MgH2,0,1.4463267744298406e-12,1.4015312708931283e-12
353.82,16.802,73.86,MgH2,0,8.571746414644381e-17,1e-16
667.14,37.608,16.44,TiFeH2,1,1.105976085644503e-11,1.1456697714784555e-11
536.03,39.248,103.34,MgH2,0,1.167268102560832e-13,1.1986304455510442e-13
300.4,18.97,45.48,LaNi5H6,2,3.872573322930162e-13,3.888449693145865e-13
559.19,14.401,29.45,LaNi5H6,2,6.859539102147373e-11,6.576984261491163e-11
307.14,5.358,104.43,TiFeH2,1,6.114030672910737e-15,5.90094447120269e-15
634.88,22.172,37.86,LaNi5H6,2,1.4329511310983054e-10,1.541312702246218e-10
388.06,2.608,117.03,TiFeH2,1,1.0231384597521058e-13,9.958270986336046e-14
445.68,29.92,58.92,MgH2,0,6.8559581416350466e-15,7.010057372464317e-15
621.91,35.785,179.03,MgH2,0,7.889031296416642e-13,7.959443520965041e-13
597.91,20.2,105.98,TiFeH2,1,5.144581569553268e-12,5.26077793781358e-12
563.77,25.02,108.36,MgH2,0,2.249330788953647e-13,2.211491140764151e-13
415.28,17.842,165.22,LaNi5H6,2,8.555192771425625e-12,8.23258064182603e-12
506.02,42.379,15.71,MgH2,0,5.166673601589169e-14,5.454895683634354e-14
521.83,8.008,177.27,MgH2,0,7.177165059478836e-14,6.892844037523278e-14
608.08,46.456,168.96,TiFeH2,1,6.017337511165355e-12,6.061275914060374e-12
573.0,3.671,38.38,MgH2,0,2.4538217383735004e-13,2.440132602267255e-13
396.39,22.962,152.66,MgH2,0,8.370667005014238e-16,8.487733544277129e-16
556.18,33.155,113.23,TiFeH2,1,3.108757451179807e-12,3.0717140280641795e-12
631.84,12.772,50.87,TiFeH2,1,7.349675413691971e-12,7.377493610960142e-12
596.18,28.554,63.16,LaNi5H6,2,1.0258327516131147e-10,1.0799827881234902e-10
442.53,17.847,11.2,LaNi5H6,2,1.4161016227441988e-11,1.4056131589121105e-11
522.49,38.038,59.36,LaNi5H6,2,4.6818036318732054e-11,4.839362825240929e-11
327.53,1.763,48.96,LaNi5H6,2,8.787147783582489e-13,8.661000765519737e-13
347.14,34.066,164.99,TiFeH2,1,3.2567281194596894e-14,3.3227724998956874e-14
488.38,44.204,190.43,LaNi5H6,2,2.992047227374954e-11,2.9369747779730257e-11
399.76,23.211,170.23,MgH2,0,9.804337688634462e-16,1.025036841355742e-15
571.63,36.884,172.35,LaNi5H6,2,8.110280765209743e-11,7.659479450769426e-11
478.56,39.821,103.57,TiFeH2,1,9.194009346949355e-13,9.737980987434968e-13
524.24,13.821,182.46,LaNi5H6,2,4.5620782103806035e-11,4.3781028630876864e-11
669.92,21.167,67.47,MgH2,0,1.8144858009982637e-12,1.7646333401250064e-12
486.69,12.689,123.19,MgH2,0,2.6464759873329184e-14,2.7680904688892927e-14
394.7,1.866,185.54,MgH2,0,6.470113513182884e-16,6.921555290987126e-16
644.29,25.4,100.31,LaNi5H6,2,1.554619174464627e-10,1.5810618782270586e-10
339.12,39.59,40.47,TiFeH2,1,2.4749252847831537e-14,2.399870533451034e-14
666.06,19.232,169.98,LaNi5H6,2,1.818277620176782e-10,1.906324836856317e-10
563.15,46.022,37.9,MgH2,0,2.312267429950042e-13,2.1641879507432215e-13
342.36,40.301,86.6,MgH2,0,4.47101858511219e-17,1e-16
490.28,25.722,196.85,MgH2,0,3.0865945841893787e-14,3.041574059068968e-14
694.02,42.28,99.66,TiFeH2,1,1.4155376873850187e-11,1.4005367946266286e-11
688.08,27.865,25.35,TiFeH2,1,1.319811444523823e-11,1.2934787624283839e-11
653.14,23.206,153.74,LaNi5H6,2,1.6595245143243263e-10,1.6225277183213874e-10
363.04,1.232,105.79,MgH2,0,1.2122897747455353e-16,1.1784572637000052e-16
351.32,42.918,108.75,TiFeH2,1,3.813754261936787e-14,3.7720590489598857e-14
310.59,22.071,181.99,LaNi5H6,2,5.60918024034859e-13,5.651299183140096e-13
680.51,17.643,39.83,LaNi5H6,2,2.0247289134990502e-10,2.0173774215155093e-10
603.74,35.701,82.45,TiFeH2,1,5.6711222521586925e-12,5.717561215816509e-12
430.33,35.208,85.27,MgH2,0,3.80762006878066e-15,3.66734735906026e-15
651.39,17.064,43.53,LaNi5H6,2,1.6202833982598315e-10,1.6239254913042608e-10
622.4,4.953,108.6,LaNi5H6,2,1.2021700909898852e-10,1.195137238077038e-10
361.31,1.358,185.52,MgH2,0,1.1018594906919426e-16,1.088295380870725e-16
343.86,17.954,127.52,LaNi5H6,2,1.5898049543262778e-12,1.720071443971796e-12
319.49,27.04,29.34,LaNi5H6,2,7.688238873468301e-13,7.56373823102827e-13
476.86,36.156,11.4,LaNi5H6,2,2.524939602563009e-11,2.4569163848810035e-11
464.95,49.648,188.04,TiFeH2,1,7.160289775095302e-13,6.935758242917247e-13
310.48,29.103,91.21,LaNi5H6,2,5.669735334338983e-13,5.637631442329129e-13
311.34,8.523,168.82,LaNi5H6,2,5.521769097843505e-13,5.468720234802189e-13
475.33,9.837,157.88,LaNi5H6,2,2.3216839775331832e-11,2.3468278918783707e-11
587.27,19.344,12.32,LaNi5H6,2,9.273040898172183e-11,9.479627082917412e-11
305.2,8.827,96.03,LaNi5H6,2,4.458576300999307e-13,4.491473546348356e-13
361.41,7.963,46.98,TiFeH2,1,4.902399859998177e-14,4.9353865496071947e-14
343.1,5.122,111.95,MgH2,0,4.0823764185643816e-17,1e-16
433.42,11.014,64.21,TiFeH2,1,3.4514498353594324e-13,3.493066894553192e-13
541.02,28.692,58.83,LaNi5H6,2,5.769174750064177e-11,5.842982240037014e-11
392.09,42.336,35.03,MgH2,0,7.125556089147942e-16,7.188175580840099e-16
442.08,40.423,81.98,LaNi5H6,2,1.452415836698764e-11,1.4775716532151475e-11
657.22,45.008,132.13,TiFeH2,1,1.009699278570978e-11,1.025536727611987e-11
511.46,27.704,175.82,LaNi5H6,2,4.0059906114634986e-11,4.0442509336454337e-11
494.79,37.846,51.66,LaNi5H6,2,3.2638873918626714e-11,3.281746327613141e-11
518.42,49.62,156.45,LaNi5H6,2,4.488017254183447e-11,4.480547934638893e-11
677.66,46.878,148.92,LaNi5H6,2,2.0609580094373333e-10,2.0715092040226072e-10
577.81,27.865,157.29,LaNi5H6,2,8.539326307585337e-11,8.395635296715037e-11
356.1,9.865,56.51,MgH2,0,9.478345874245553e-17,1e-16
670.77,33.001,108.64,LaNi5H6,2,1.9319457442278542e-10,1.8795813669446408e-10
640.11,42.206,140.06,LaNi5H6,2,1.5334648126223786e-10,1.577381456543893e-10
653.41,31.042,28.38,TiFeH2,1,9.590018272455159e-12,1.0001694458563032e-11
380.95,42.258,176.58,MgH2,0,4.0508728412718367e-16,4.0537111237442697e-16
309.94,39.89,190.03,MgH2,0,4.5510294342353335e-18,1e-16
509.37,16.307,30.1,LaNi5H6,2,3.826971908859568e-11,3.8545744819157126e-11
680.62,19.62,182.92,LaNi5H6,2,2.0269906613729298e-10,1.8940358982965177e-10
687.67,25.678,101.48,MgH2,0,2.4434145798358782e-12,2.491946770074993e-12
598.83,20.31,147.88,TiFeH2,1,5.193412494495634e-12,5.331940642096899e-12
335.62,13.166,28.42,TiFeH2,1,2.0578476732074998e-14,1.958023989028487e-14
668.67,2.899,64.83,TiFeH2,1,9.784621061522005e-12,1.0198483003571607e-11
606.01,6.644,155.86,TiFeH2,1,5.3222706871263746e-12,5.106651437268861e-12
663.62,47.694,172.78,LaNi5H6,2,1.8553136909673633e-10,1.8796743289479375e-10
509.87,13.496,105.58,LaNi5H6,2,3.8111411645264963e-11,3.8716042513956395e-11
407.65,28.253,99.71,TiFeH2,1,1.9574735147111028e-13,2.015448831089113e-13
550.92,41.531,115.05,MgH2,0,1.7049664564768812e-13,1.7456728028344027e-13
565.94,9.483,183.39,MgH2,0,2.2104972214072922e-13,2.0613029977094152e-13
658.46,8.383,57.2,MgH2,0,1.4067652831817064e-12,1.4842594460841075e-12
405.84,7.94,66.51,TiFeH2,1,1.7529526548952316e-13,1.813960289958695e-13
301.6,10.023,123.15,LaNi5H6,2,3.9281082675325196e-13,3.8703824922196765e-13
571.06,6.591,70.64,MgH2,0,2.442857303954122e-13,2.503620037883601e-13
521.28,47.992,22.99,LaNi5H6,2,4.662830698365307e-11,4.555805287134377e-11
696.11,23.46,84.88,TiFeH2,1,1.4008102684481544e-11,1.4532995830273104e-11
688.5,19.932,165.75,LaNi5H6,2,2.1477896094211216e-10,2.1199470549448322e-10
686.49,2.812,106.7,MgH2,0,2.060818495736673e-12,2.0980772149721548e-12
351.25,6.215,106.39,MgH2,0,6.854278797354832e-17,1e-16
607.46,25.171,110.65,MgH2,0,5.825472137331587e-13,5.552335961102117e-13
351.97,7.121,154.1,MgH2,0,7.207443872895325e-17,1e-16
389.88,48.924,125.18,TiFeH2,1,1.2546531100081657e-13,1.296070614909123e-13
699.53,26.577,186.12,TiFeH2,1,1.4460908604115505e-11,1.5497852368982015e-11
399.14,12.645,36.34,MgH2,0,9.228295795480499e-16,9.50389615925688e-16
505.69,43.841,169.44,MgH2,0,5.0805338121748577e-14,4.873208653478058e-14
546.66,37.964,105.06,LaNi5H6,2,6.216489576293618e-11,5.899892034545531e-11
617.21,16.882,107.25,LaNi5H6,2,1.213976790264731e-10,1.1872423456844695e-10
498.79,3.322,128.14,LaNi5H6,2,3.085027671858585e-11,2.999587973258933e-11
508.85,28.724,127.78,TiFeH2,1,1.5258266174976684e-12,1.4235183178852901e-12
492.64,4.291,75.09,TiFeH2,1,1.0539992780989447e-12,1.003408914805351e-12
501.57,7.357,112.95,LaNi5H6,2,3.324347452566426e-11,3.331378071347287e-11
602.62,35.567,13.95,LaNi5H6,2,1.1015467325138609e-10,1.0695976851861804e-10
661.8,35.045,135.3,LaNi5H6,2,1.8080271405626957e-10,1.77434295734369e-10
424.13,10.192,58.47,MgH2,0,2.7322181637695553e-15,2.7997936016060974e-15
631.9,46.196,61.52,TiFeH2,1,7.843224705470547e-12,7.773913637449898e-12
620.81,29.946,165.05,MgH2,0,7.64464330656317e-13,7.47846151581777e-13
506.36,33.639,46.11,LaNi5H6,2,3.7945562632604105e-11,3.645695794674664e-11
697.63,31.105,22.8,TiFeH2,1,1.4431564629033394e-11,1.4708113548005143e-11
630.52,23.997,110.86,MgH2,0,9.09861454964793e-13,9.252961741560988e-13
534.06,5.331,173.4,LaNi5H6,2,4.919220443160556e-11,4.834251950048344e-11
591.35,48.85,37.17,TiFeH2,1,4.985393766347827e-12,4.9864716673640486e-12
476.42,31.902,97.31,LaNi5H6,2,2.488698324989715e-11,2.5289030861807288e-11
651.2,1.987,151.77,LaNi5H6,2,1.4607391753663262e-10,1.3955292919354468e-10
640.69,8.379,131.18,TiFeH2,1,7.856302241647598e-12,7.934916097082102e-12
366.95,19.91,65.3,TiFeH2,1,6.125015493770687e-14,6.089069799556949e-14
357.28,25.27,184.65,LaNi5H6,2,2.326837688215276e-12,2.2003097204787012e-12
505.73,20.402,150.92,LaNi5H6,2,3.671609228395175e-11,3.6623763220903565e-11
439.83,30.518,64.19,TiFeH2,1,4.1884348988736987e-13,4.1766216057888403e-13
676.43,13.473,173.96,TiFeH2,1,1.1378870658490209e-11,1.1906360562235079e-11
315.49,23.086,93.23,LaNi5H6,2,6.668017770344298e-13,6.948147714906773e-13
568.76,36.134,58.49,LaNi5H6,2,7.892307590998641e-11,7.381300485101369e-11
398.69,29.026,19.68,TiFeH2,1,1.559019149872183e-13,1.5162135171001746e-13
681.64,41.284,69.53,LaNi5H6,2,2.1154276232712923e-10,2.2124344163835114e-10
360.02,18.254,173.51,TiFeH2,1,4.8685955477903045e-14,4.736627234274012e-14
603.32,20.603,121.96,LaNi5H6,2,1.079545792431041e-10,1.0700661659571932e-10
508.27,4.922,171.75,MgH2,0,4.739308705125768e-14,4.8537019161513686e-14
432.63,20.236,144.95,MgH2,0,4.016398636893936e-15,3.874218031348845e-15
431.23,21.731,154.46,LaNi5H6,2,1.1650811172635737e-11,1.1126377729060499e-11
681.71,48.13,180.78,LaNi5H6,2,2.1230273067018054e-10,2.1556749017517995e-10
618.05,24.986,71.09,MgH2,0,7.202425429611351e-13,7.231021904908396e-13
685.81,24.974,115.62,TiFeH2,1,1.2816084341300216e-11,1.3208068478530203e-11
609.54,16.169,92.67,LaNi5H6,2,1.1317878563705906e-10,1.1352275992142044e-10
314.52,48.102,144.3,LaNi5H6,2,6.647331806749265e-13,6.584527156272792e-13
517.64,10.097,33.68,LaNi5H6,2,4.1634288486625523e-11,4.033041276729023e-11
510.71,5.546,56.74,TiFeH2,1,1.4474294589780337e-12,1.4772910368014872e-12
391.06,48.586,122.76,TiFeH2,1,1.29620140643504e-13,1.3004284029358176e-13
449.46,9.698,74.86,MgH2,0,7.327404778160699e-15,7.271815836618975e-15
597.16,43.754,103.64,TiFeH2,1,5.300386871632744e-12,5.114394812035932e-12
528.69,49.526,88.58,MgH2,0,9.769734416155844e-14,1.013108814987629e-13
688.28,39.981,161.53,TiFeH2,1,1.3387886934337017e-11,1.307294668337461e-11
576.78,21.349,43.25,LaNi5H6,2,8.382928260606455e-11,8.464275790114426e-11
649.82,32.055,10.44,MgH2,0,1.3247967470539002e-12,1.3612145395466159e-12
677.0,44.284,66.06,LaNi5H6,2,2.051259662793808e-10,2.0553201293630935e-10
640.45,18.904,73.48,MgH2,0,1.0788758374489278e-12,1.1254413749126083e-12
339.65,16.942,58.98,MgH2,0,3.561710160241656e-17,1e-16
526.84,33.756,33.87,LaNi5H6,2,4.9169127338525633e-11,4.9234235469447606e-11
394.1,6.679,163.1,TiFeH2,1,1.2703227502169445e-13,1.2386336813536973e-13
333.78,8.527,127.18,MgH2,0,2.3033912440204275e-17,1e-16
500.3,45.263,34.52,MgH2,0,4.377447720666177e-14,4.229447800904363e-14
408.37,16.153,113.96,LaNi5H6,2,7.436937037212738e-12,7.52777099858572e-12
541.24,1.221,47.58,MgH2,0,1.0516603734632181e-13,1.038445774669394e-13
499.31,49.465,190.92,LaNi5H6,2,3.49600744854604e-11,3.540774573470916e-11
450.54,49.248,43.32,MgH2,0,8.479642965441618e-15,8.619860237388465e-15
537.91,30.93,132.95,LaNi5H6,2,5.57026690312566e-11,5.54032683106079e-11
459.03,3.006,95.43,MgH2,0,9.522249558777874e-15,9.475214113546393e-15
550.66,10.651,177.51,TiFeH2,1,2.71241350454984e-12,2.7335123635637053e-12
475.55,46.004,70.26,MgH2,0,2.0131643280277177e-14,1.9611738552492228e-14
422.38,3.723,181.31,MgH2,0,2.3502682699757947e-15,2.307981106969809e-15
639.52,24.11,83.69,TiFeH2,1,8.214324979272588e-12,8.52475397688813e-12
354.02,33.44,111.93,LaNi5H6,2,2.1638986368750482e-12,2.227918057213616e-12
626.54,31.384,86.56,LaNi5H6,2,1.3533936843292138e-10,1.4161598802999893e-10
485.53,3.075,118.6,TiFeH2,1,9.114211639275106e-13,9.405678010881458e-13
381.54,25.876,23.32,TiFeH2,1,9.643158931186254e-14,9.509353914753267e-14
656.1,3.107,38.62,LaNi5H6,2,1.5564155742999847e-10,1.582177128421624e-10
574.3,5.993,160.24,MgH2,0,2.5979576336870806e-13,2.6418615386720124e-13
500.08,19.565,164.64,TiFeH2,1,1.2926375874109669e-12,1.3174845033468672e-12
519.8,9.855,36.5,TiFeH2,1,1.7254888956683186e-12,1.6771283217357126e-12
407.41,35.209,103.72,LaNi5H6,2,7.545168716043787e-12,7.400071518969921e-12
684.88,33.118,104.35,TiFeH2,1,1.2896163061678333e-11,1.2883599236381615e-11
300.23,7.687,98.24,TiFeH2,1,4.547317222296306e-15,4.563568051164152e-15
611.74,49.532,146.83,LaNi5H6,2,1.2093059736742553e-10,1.1857563196148384e-10
452.38,46.224,21.19,LaNi5H6,2,1.7402891050722464e-11,1.7711382741186463e-11
508.03,28.208,156.38,TiFeH2,1,1.5024827694583038e-12,1.5505179778388247e-12
603.86,17.924,170.81,TiFeH2,1,5.466461063388557e-12,5.726555909038373e-12
628.65,31.594,58.6,LaNi5H6,2,1.3794892163634683e-10,1.3303522336047518e-10
432.87,22.963,127.36,TiFeH2,1,3.531218468495279e-13,3.4398164075832224e-13
432.27,5.586,150.44,TiFeH2,1,3.232572389654168e-13,3.158656783988835e-13
618.63,48.412,168.88,TiFeH2,1,6.785168599779588e-12,6.970841833641449e-12
312.36,5.397,167.53,TiFeH2,1,7.669174150543111e-15,7.786544430072327e-15
630.69,1.095,86.9,LaNi5H6,2,1.2013469262911038e-10,1.2125689408391024e-10
584.01,16.115,110.23,TiFeH2,1,4.300034022390367e-12,4.3970922918470945e-12
605.21,12.5,169.1,TiFeH2,1,5.450206182866525e-12,5.652653050783321e-12
343.43,27.294,21.17,LaNi5H6,2,1.6043704371763692e-12,1.6076171005259244e-12
533.06,36.121,31.06,TiFeH2,1,2.2557377049488767e-12,2.3803999659107417e-12
552.11,27.908,177.4,MgH2,0,1.7060751466671716e-13,1.6813934012622488e-13
428.94,2.957,174.95,LaNi5H6,2,1.0202454116165483e-11,9.743681806710698e-12
329.62,21.873,28.99,TiFeH2,1,1.681333384227145e-14,1.683410504516432e-14
380.54,43.265,49.19,TiFeH2,1,9.598003800670537e-14,9.462435358847509e-14
565.86,37.155,80.2,LaNi5H6,2,7.66054610506957e-11,7.312658883080751e-11
539.85,22.513,183.91,LaNi5H6,2,5.6114046871724415e-11,5.5975458062778807e-11
612.91,11.775,23.42,LaNi5H6,2,1.1528835386449677e-10,1.1294497968153578e-10
352.73,43.473,185.15,MgH2,0,8.472227455270987e-17,1e-16
535.3,16.564,176.27,MgH2,0,1.0796126000405654e-13,1.0560140882283296e-13
638.28,7.072,139.1,TiFeH2,1,7.592307265261161e-12,7.880611830076984e-12
468.42,47.662,127.23,LaNi5H6,2,2.24157966474378e-11,2.195043465606851e-11
418.14,9.109,134.65,MgH2,0,2.0981927453047415e-15,2.107000390597108e-15
424.89,23.649,40.74,TiFeH2,1,2.956296343145418e-13,2.841576832580332e-13
543.77,26.416,187.6,LaNi5H6,2,5.909762329983433e-11,5.834823650541277e-11
434.67,25.909,60.04,LaNi5H6,2,1.2523344369129578e-11,1.2625660118095968e-11
430.5,13.833,148.59,TiFeH2,1,3.258709030133448e-13,3.129530799162518e-13
604.17,6.587,47.52,TiFeH2,1,5.23088956428041e-12,4.89692296883462e-12
666.16,4.835,197.31,LaNi5H6,2,1.7088631655195517e-10,1.7543271109444883e-10
475.67,25.402,179.65,TiFeH2,1,8.498118337594823e-13,8.609083526643208e-13
375.48,38.446,137.57,TiFeH2,1,8.193349013930358e-14,8.196602594331777e-14
347.2,18.672,45.3,MgH2,0,5.785035730359165e-17,1e-16
624.75,14.598,46.74,LaNi5H6,2,1.2906882842225044e-10,1.2696985642012764e-10
401.21,3.321,139.56,TiFeH2,1,1.4787280611622644e-13,1.4713295824285744e-13
337.52,35.966,188.67,TiFeH2,1,2.3094822059015027e-14,2.263436673085687e-14
383.46,46.518,198.91,LaNi5H6,2,4.542903097744873e-12,4.502668870946338e-12
463.8,6.874,173.87,LaNi5H6,2,1.9146423290231465e-11,1.940256127766352e-11
618.21,13.258,15.94,LaNi5H6,2,1.2151116970119312e-10,1.213757061878632e-10
396.68,1.422,76.77,TiFeH2,1,1.2524749535363746e-13,1.259445476637728e-13
610.96,24.398,21.79,MgH2,0,6.27108573921027e-13,6.199654336614516e-13
536.37,1.526,156.75,MgH2,0,9.380134799747274e-14,9.054419571458592e-14
424.15,31.386,160.69,LaNi5H6,2,1.0387100326594555e-11,1.0543283361942354e-11
474.86,42.705,12.37,MgH2,0,1.9656049532849982e-14,1.9272424210441106e-14
330.38,15.225,22.76,LaNi5H6,2,1.0616398930420984e-12,1.0905776528886198e-12
356.14,46.31,116.75,MgH2,0,1.0454053080722875e-16,1e-16
453.33,38.874,51.65,MgH2,0,9.246939080846478e-15,9.312672442177433e-15
509.5,37.846,101.32,MgH2,0,5.6447837255250776e-14,5.626964701108524e-14
623.98,1.675,155.41,TiFeH2,1,6.01827959718674e-12,5.892895017293699e-12
348.77,21.287,84.65,MgH2,0,6.40988208591295e-17,1e-16
527.53,4.309,26.86,TiFeH2,1,1.8589959266599775e-12,1.816877431927055e-12
557.95,26.987,76.56,LaNi5H6,2,6.946352779924157e-11,7.340306632422095e-11
662.32,38.821,89.83,TiFeH2,1,1.0548202446225565e-11,1.098607532119041e-11
498.24,19.552,183.32,TiFeH2,1,1.2520629353245032e-12,1.2226369126321598e-12
553.89,29.323,29.88,MgH2,0,1.8028672017539507e-13,1.8331305112211846e-13
477.37,2.421,34.11,MgH2,0,1.755259090192556e-14,1.7745428719553365e-14
582.1,45.815,77.52,LaNi5H6,2,9.125238822345249e-11,8.457726485439287e-11
375.41,2.91,114.93,TiFeH2,1,7.14329610279901e-14,7.249002840080023e-14
591.87,42.919,49.59,MgH2,0,4.375449012678129e-13,4.361671840876825e-13
337.79,17.604,19.52,MgH2,0,3.1717784392498407e-17,1e-16
639.59,21.51,138.32,TiFeH2,1,8.155606971692228e-12,8.16653343331931e-12
352.42,37.749,138.84,MgH2,0,8.2687832001767e-17,1e-16
601.51,49.571,120.14,TiFeH2,1,5.607703001946774e-12,5.502793671988671e-12
544.01,26.635,122.08,LaNi5H6,2,5.939511516325368e-11,5.857829879548749e-11
686.52,21.756,71.41,LaNi5H6,2,2.131680129462102e-10,2.2135970289663054e-10
590.29,15.802,90.71,MgH2,0,3.9599538659706823e-13,3.8857518455388775e-13
443.87,4.934,87.96,TiFeH2,1,4.1512518365108995e-13,4.176064455050062e-13
661.06,26.948,87.9,MgH2,0,1.5852760275130234e-12,1.602269524962662e-12
399.16,24.039,156.87,LaNi5H6,2,6.2478807767076036e-12,6.516191726979723e-12
314.05,3.534,110.21,TiFeH2,1,8.074122688695694e-15,8.011744956047564e-15
507.32,30.344,131.67,LaNi5H6,2,3.8160972576029185e-11,3.881170438440679e-11
308.46,20.989,86.01,MgH2,0,3.916755749417189e-18,1e-16
504.47,28.64,95.38,LaNi5H6,2,3.670412305797575e-11,3.569430173245626e-11
688.73,38.31,97.07,MgH2,0,2.5483386832567517e-12,2.5771564019724165e-12
666.4,12.94,92.57,MgH2,0,1.6542906866549274e-12,1.7023048000035053e-12
624.21,7.79,73.48,TiFeH2,1,6.594545066788669e-12,6.635645687147228e-12
410.48,44.37,56.98,TiFeH2,1,2.1530410909052295e-13,2.038303315335523e-13
477.14,26.564,179.57,TiFeH2,1,8.7525435598603e-13,8.805282089137855e-13
492.03,11.278,155.55,LaNi5H6,2,2.9714098733051104e-11,3.049937413590397e-11
630.9,25.623,199.16,TiFeH2,1,7.496681691392747e-12,7.501188087140224e-12
302.83,39.956,112.03,LaNi5H6,2,4.367126858653992e-13,4.3661146091619685e-13
316.17,32.979,100.49,LaNi5H6,2,6.927401663548574e-13,6.697429421298977e-13
647.3,43.475,114.66,LaNi5H6,2,1.6289134282738992e-10,1.579912225883014e-10
391.86,39.318,84.66,MgH2,0,6.995915146943795e-16,7.197311563762557e-16
487.82,2.967,147.9,MgH2,0,2.4738520794213918e-14,2.584056162271395e-14
386.1,34.999,35.69,TiFeH2,1,1.114420258385602e-13,1.109297347795893e-13
691.99,9.718,32.7,TiFeH2,1,1.2938804311868512e-11,1.2878588298095414e-11
414.73,36.089,161.62,LaNi5H6,2,8.725948813647775e-12,8.913433434606336e-12
578.53,32.749,191.43,MgH2,0,3.19034518966802e-13,3.1301926926008685e-13
416.76,42.757,155.89,LaNi5H6,2,9.143679929517666e-12,9.535487978624063e-12
353.02,17.063,134.45,TiFeH2,1,3.853839302874656e-14,3.9859399604895426e-14
643.82,42.536,32.22,TiFeH2,1,8.847861002985537e-12,8.62910718086448e-12
618.73,40.243,136.82,MgH2,0,7.490604019556184e-13,7.646709093828123e-13
629.1,44.955,121.08,MgH2,0,9.209383851908255e-13,9.250446771051395e-13
431.0,10.074,23.23,MgH2,0,3.6199634850590004e-15,3.80521721749284e-15
569.9,16.84,16.0,TiFeH2,1,3.619067392769693e-12,3.621721839938537e-12
680.48,16.602,198.17,MgH2,0,2.1062984216266754e-12,2.0605279764662777e-12
631.92,38.382,191.11,MgH2,0,9.57403282310052e-13,9.034635040497371e-13
423.5,21.436,191.15,LaNi5H6,2,1.008605978349284e-11,9.642918952842703e-12
603.24,33.157,19.6,MgH2,0,5.46898994773505e-13,5.467244463270586e-13
392.27,27.161,198.69,TiFeH2,1,1.2980224111427213e-13,1.3066665697520667e-13
356.18,8.104,32.58,LaNi5H6,2,2.1593067769777692e-12,2.2108219857372216e-12
651.77,13.106,79.68,LaNi5H6,2,1.6046636075477848e-10,1.5776895059825883e-10
695.93,44.793,17.84,TiFeH2,1,1.4480994083017462e-11,1.4303356123841522e-11
493.69,23.871,39.31,LaNi5H6,2,3.152917361130309e-11,3.094141196525844e-11
391.15,48.631,190.24,TiFeH2,1,1.295732282911678e-13,1.2630429344938155e-13
502.9,39.829,159.92,LaNi5H6,2,3.638457000562203e-11,3.670977512165417e-11
404.98,2.216,160.95,MgH2,0,1.0607615366711618e-15,1.0719831379121387e-15
689.64,2.141,114.95,LaNi5H6,2,1.9580946585865296e-10,1.9832152244667265e-10
362.16,24.816,164.34,TiFeH2,1,5.301202130756288e-14,5.2822723055720084e-14
420.53,1.692,54.22,TiFeH2,1,2.311778339275587e-13,2.4066862763496217e-13
641.68,10.423,140.73,LaNi5H6,2,1.4617769007257065e-10,1.4998723858532757e-10
650.67,15.769,80.94,TiFeH2,1,8.999889071983677e-12,8.605030444897955e-12
583.97,17.947,43.22,LaNi5H6,2,8.939774911794442e-11,9.137203832011125e-11
304.82,42.828,147.56,TiFeH2,1,6.121002009980176e-15,6.2990147883101035e-15
481.56,33.909,62.28,MgH2,0,2.4035571527860746e-14,2.564302748751146e-14
441.81,2.772,122.97,MgH2,0,5.016718987201612e-15,4.809570508190474e-15
384.37,5.444,122.53,TiFeH2,1,9.602581603558398e-14,9.881960405448689e-14
427.2,45.85,113.46,MgH2,0,3.4025092876610916e-15,3.334667403520016e-15
642.07,34.354,199.18,LaNi5H6,2,1.54195767318295e-10,1.6542122423081952e-10
694.65,18.715,166.39,MgH2,0,2.659767027440041e-12,2.6913258898446992e-12
603.97,23.095,69.83,LaNi5H6,2,1.0931464610178988e-10,1.0620676620991292e-10
537.47,1.06,166.03,MgH2,0,9.375639721904279e-14,9.36350757201271e-14
447.6,13.292,19.29,TiFeH2,1,4.74936660590523e-13,4.922549753874604e-13
368.24,34.696,66.25,MgH2,0,2.049746171839333e-16,2.0655890958341594e-16
336.07,31.142,23.92,LaNi5H6,2,1.301296722896848e-12,1.3294935123195234e-12
655.52,4.579,34.21,LaNi5H6,2,1.5779388383304962e-10,1.4291234437490267e-10
484.75,12.054,34.91,MgH2,0,2.4938761405064646e-14,2.607356931038514e-14
593.96,16.316,199.89,MgH2,0,4.2627605800657975e-13,4.2175393306333736e-13
422.32,43.117,94.79,TiFeH2,1,2.8617314498487966e-13,2.88562687364973e-13
559.94,19.241,170.7,MgH2,0,2.0129232305916433e-13,2.0280471058659616e-13
615.82,2.383,178.66,LaNi5H6,2,1.0939709133638766e-10,1.109146007210042e-10
695.18,43.406,59.13,LaNi5H6,2,2.3346339189396546e-10,2.254776500803907e-10
699.06,5.465,176.66,LaNi5H6,2,2.1815735727637647e-10,2.180331214629581e-10
513.34,29.004,119.06,LaNi5H6,2,4.118734345484153e-11,4.337625629237818e-11
390.1,30.807,54.52,LaNi5H6,2,5.20677471436665e-12,5.112201541838311e-12
